{"type":"owner-pid-invalid","pid":1,"reason":"dead at startup"}
{"type":"server-started","port":56159,"host":"127.0.0.1","url_host":"localhost","url":"http://localhost:56159","screen_dir":"d:\\TraePro\\fishoil\\tiaoom\\.superpowers\\brainstorm\\484-1782541686\\content","state_dir":"d:\\TraePro\\fishoil\\tiaoom\\.superpowers\\brainstorm\\484-1782541686\\state"}
{"type":"screen-added","file":"d:\\TraePro\\fishoil\\tiaoom\\.superpowers\\brainstorm\\484-1782541686\\content\\current-problems.html"}
{"type":"screen-updated","file":"d:\\TraePro\\fishoil\\tiaoom\\.superpowers\\brainstorm\\484-1782541686\\content\\current-problems.html"}
{"type":"screen-updated","file":"d:\\TraePro\\fishoil\\tiaoom\\.superpowers\\brainstorm\\484-1782541686\\content\\current-problems.html"}
{"type":"screen-updated","file":"d:\\TraePro\\fishoil\\tiaoom\\.superpowers\\brainstorm\\484-1782541686\\content\\current-problems.html"}
{"type":"screen-updated","file":"d:\\TraePro\\fishoil\\tiaoom\\.superpowers\\brainstorm\\484-1782541686\\content\\current-problems.html"}
{"type":"screen-updated","file":"d:\\TraePro\\fishoil\\tiaoom\\.superpowers\\brainstorm\\484-1782541686\\content\\current-problems.html"}
{"type":"screen-updated","file":"d:\\TraePro\\fishoil\\tiaoom\\.superpowers\\brainstorm\\484-1782541686\\content\\current-problems.html"}
{"type":"screen-updated","file":"d:\\TraePro\\fishoil\\tiaoom\\.superpowers\\brainstorm\\484-1782541686\\content\\current-problems.html"}
{"type":"screen-updated","file":"d:\\TraePro\\fishoil\\tiaoom\\.superpowers\\brainstorm\\484-1782541686\\content\\current-problems.html"}
{"type":"screen-updated","file":"d:\\TraePro\\fishoil\\tiaoom\\.superpowers\\brainstorm\\484-1782541686\\content\\current-problems.html"}
{"type":"screen-updated","file":"d:\\TraePro\\fishoil\\tiaoom\\.superpowers\\brainstorm\\484-1782541686\\content\\current-problems.html"}
{"type":"screen-updated","file":"d:\\TraePro\\fishoil\\tiaoom\\.superpowers\\brainstorm\\484-1782541686\\content\\current-problems.html"}
{"type":"screen-updated","file":"d:\\TraePro\\fishoil\\tiaoom\\.superpowers\\brainstorm\\484-1782541686\\content\\current-problems.html"}
{"type":"screen-updated","file":"d:\\TraePro\\fishoil\\tiaoom\\.superpowers\\brainstorm\\484-1782541686\\content\\current-problems.html"}
{"type":"screen-updated","file":"d:\\TraePro\\fishoil\\tiaoom\\.superpowers\\brainstorm\\484-1782541686\\content\\current-problems.html"}
{"type":"screen-updated","file":"d:\\TraePro\\fishoil\\tiaoom\\.superpowers\\brainstorm\\484-1782541686\\content\\current-problems.html"}
{"type":"screen-updated","file":"d:\\TraePro\\fishoil\\tiaoom\\.superpowers\\brainstorm\\484-1782541686\\content\\current-problems.html"}
{"type":"screen-updated","file":"d:\\TraePro\\fishoil\\tiaoom\\.superpowers\\brainstorm\\484-1782541686\\content\\current-problems.html"}
{"type":"screen-updated","file":"d:\\TraePro\\fishoil\\tiaoom\\.superpowers\\brainstorm\\484-1782541686\\content\\current-problems.html"}
{"type":"screen-updated","file":"d:\\TraePro\\fishoil\\tiaoom\\.superpowers\\brainstorm\\484-1782541686\\content\\current-problems.html"}
{"type":"screen-updated","file":"d:\\TraePro\\fishoil\\tiaoom\\.superpowers\\brainstorm\\484-1782541686\\content\\current-problems.html"}
{"type":"screen-updated","file":"d:\\TraePro\\fishoil\\tiaoom\\.superpowers\\brainstorm\\484-1782541686\\content\\current-problems.html"}
{"type":"screen-updated","file":"d:\\TraePro\\fishoil\\tiaoom\\.superpowers\\brainstorm\\484-1782541686\\content\\current-problems.html"}
{"type":"screen-updated","file":"d:\\TraePro\\fishoil\\tiaoom\\.superpowers\\brainstorm\\484-1782541686\\content\\current-problems.html"}
{"type":"screen-updated","file":"d:\\TraePro\\fishoil\\tiaoom\\.superpowers\\brainstorm\\484-1782541686\\content\\current-problems.html"}
{"type":"screen-updated","file":"d:\\TraePro\\fishoil\\tiaoom\\.superpowers\\brainstorm\\484-1782541686\\content\\current-problems.html"}
{"type":"screen-updated","file":"d:\\TraePro\\fishoil\\tiaoom\\.superpowers\\brainstorm\\484-1782541686\\content\\current-problems.html"}
{"type":"screen-updated","file":"d:\\TraePro\\fishoil\\tiaoom\\.superpowers\\brainstorm\\484-1782541686\\content\\current-problems.html"}
{"type":"screen-updated","file":"d:\\TraePro\\fishoil\\tiaoom\\.superpowers\\brainstorm\\484-1782541686\\content\\current-problems.html"}
{"type":"screen-updated","file":"d:\\TraePro\\fishoil\\tiaoom\\.superpowers\\brainstorm\\484-1782541686\\content\\current-problems.html"}
{"type":"screen-updated","file":"d:\\TraePro\\fishoil\\tiaoom\\.superpowers\\brainstorm\\484-1782541686\\content\\current-problems.html"}
{"type":"screen-updated","file":"d:\\TraePro\\fishoil\\tiaoom\\.superpowers\\brainstorm\\484-1782541686\\content\\current-problems.html"}
{"type":"screen-updated","file":"d:\\TraePro\\fishoil\\tiaoom\\.superpowers\\brainstorm\\484-1782541686\\content\\current-problems.html"}
{"type":"screen-updated","file":"d:\\TraePro\\fishoil\\tiaoom\\.superpowers\\brainstorm\\484-1782541686\\content\\current-problems.html"}
{"type":"screen-updated","file":"d:\\TraePro\\fishoil\\tiaoom\\.superpowers\\brainstorm\\484-1782541686\\content\\current-problems.html"}
{"type":"screen-updated","file":"d:\\TraePro\\fishoil\\tiaoom\\.superpowers\\brainstorm\\484-1782541686\\content\\current-problems.html"}
{"type":"screen-updated","file":"d:\\TraePro\\fishoil\\tiaoom\\.superpowers\\brainstorm\\484-1782541686\\content\\current-problems.html"}
{"type":"screen-updated","file":"d:\\TraePro\\fishoil\\tiaoom\\.superpowers\\brainstorm\\484-1782541686\\content\\current-problems.html"}
{"type":"screen-updated","file":"d:\\TraePro\\fishoil\\tiaoom\\.superpowers\\brainstorm\\484-1782541686\\content\\current-problems.html"}
{"type":"screen-updated","file":"d:\\TraePro\\fishoil\\tiaoom\\.superpowers\\brainstorm\\484-1782541686\\content\\current-problems.html"}
{"type":"screen-updated","file":"d:\\TraePro\\fishoil\\tiaoom\\.superpowers\\brainstorm\\484-1782541686\\content\\current-problems.html"}
{"type":"screen-updated","file":"d:\\TraePro\\fishoil\\tiaoom\\.superpowers\\brainstorm\\484-1782541686\\content\\current-problems.html"}
{"type":"screen-updated","file":"d:\\TraePro\\fishoil\\tiaoom\\.superpowers\\brainstorm\\484-1782541686\\content\\current-problems.html"}
{"type":"screen-updated","file":"d:\\TraePro\\fishoil\\tiaoom\\.superpowers\\brainstorm\\484-1782541686\\content\\current-problems.html"}
{"type":"screen-updated","file":"d:\\TraePro\\fishoil\\tiaoom\\.superpowers\\brainstorm\\484-1782541686\\content\\current-problems.html"}
{"type":"screen-updated","file":"d:\\TraePro\\fishoil\\tiaoom\\.superpowers\\brainstorm\\484-1782541686\\content\\current-problems.html"}
{"type":"screen-updated","file":"d:\\TraePro\\fishoil\\tiaoom\\.superpowers\\brainstorm\\484-1782541686\\content\\current-problems.html"}
{"type":"screen-updated","file":"d:\\TraePro\\fishoil\\tiaoom\\.superpowers\\brainstorm\\484-1782541686\\content\\current-problems.html"}
{"type":"screen-updated","file":"d:\\TraePro\\fishoil\\tiaoom\\.superpowers\\brainstorm\\484-1782541686\\content\\current-problems.html"}
{"type":"screen-updated","file":"d:\\TraePro\\fishoil\\tiaoom\\.superpowers\\brainstorm\\484-1782541686\\content\\current-problems.html"}
{"type":"screen-updated","file":"d:\\TraePro\\fishoil\\tiaoom\\.superpowers\\brainstorm\\484-1782541686\\content\\current-problems.html"}
{"type":"screen-updated","file":"d:\\TraePro\\fishoil\\tiaoom\\.superpowers\\brainstorm\\484-1782541686\\content\\current-problems.html"}
{"type":"screen-updated","file":"d:\\TraePro\\fishoil\\tiaoom\\.superpowers\\brainstorm\\484-1782541686\\content\\current-problems.html"}
{"type":"screen-updated","file":"d:\\TraePro\\fishoil\\tiaoom\\.superpowers\\brainstorm\\484-1782541686\\content\\current-problems.html"}
{"type":"screen-updated","file":"d:\\TraePro\\fishoil\\tiaoom\\.superpowers\\brainstorm\\484-1782541686\\content\\current-problems.html"}
{"type":"screen-updated","file":"d:\\TraePro\\fishoil\\tiaoom\\.superpowers\\brainstorm\\484-1782541686\\content\\current-problems.html"}
{"type":"screen-updated","file":"d:\\TraePro\\fishoil\\tiaoom\\.superpowers\\brainstorm\\484-1782541686\\content\\current-problems.html"}
{"type":"screen-updated","file":"d:\\TraePro\\fishoil\\tiaoom\\.superpowers\\brainstorm\\484-1782541686\\content\\current-problems.html"}
{"type":"screen-updated","file":"d:\\TraePro\\fishoil\\tiaoom\\.superpowers\\brainstorm\\484-1782541686\\content\\current-problems.html"}
{"type":"screen-updated","file":"d:\\TraePro\\fishoil\\tiaoom\\.superpowers\\brainstorm\\484-1782541686\\content\\current-problems.html"}
{"type":"screen-updated","file":"d:\\TraePro\\fishoil\\tiaoom\\.superpowers\\brainstorm\\484-1782541686\\content\\current-problems.html"}
{"type":"screen-updated","file":"d:\\TraePro\\fishoil\\tiaoom\\.superpowers\\brainstorm\\484-1782541686\\content\\current-problems.html"}
{"type":"screen-updated","file":"d:\\TraePro\\fishoil\\tiaoom\\.superpowers\\brainstorm\\484-1782541686\\content\\current-problems.html"}
{"type":"screen-updated","file":"d:\\TraePro\\fishoil\\tiaoom\\.superpowers\\brainstorm\\484-1782541686\\content\\current-problems.html"}
{"type":"screen-updated","file":"d:\\TraePro\\fishoil\\tiaoom\\.superpowers\\brainstorm\\484-1782541686\\content\\current-problems.html"}
{"type":"screen-updated","file":"d:\\TraePro\\fishoil\\tiaoom\\.superpowers\\brainstorm\\484-1782541686\\content\\current-problems.html"}
{"type":"screen-updated","file":"d:\\TraePro\\fishoil\\tiaoom\\.superpowers\\brainstorm\\484-1782541686\\content\\current-problems.html"}
{"type":"screen-updated","file":"d:\\TraePro\\fishoil\\tiaoom\\.superpowers\\brainstorm\\484-1782541686\\content\\current-problems.html"}
{"type":"screen-updated","file":"d:\\TraePro\\fishoil\\tiaoom\\.superpowers\\brainstorm\\484-1782541686\\content\\current-problems.html"}
{"type":"screen-updated","file":"d:\\TraePro\\fishoil\\tiaoom\\.superpowers\\brainstorm\\484-1782541686\\content\\current-problems.html"}
{"type":"screen-updated","file":"d:\\TraePro\\fishoil\\tiaoom\\.superpowers\\brainstorm\\484-1782541686\\content\\current-problems.html"}
{"type":"screen-added","file":"d:\\TraePro\\fishoil\\tiaoom\\.superpowers\\brainstorm\\484-1782541686\\content\\effect-styles-comparison.html"}
{"type":"screen-updated","file":"d:\\TraePro\\fishoil\\tiaoom\\.superpowers\\brainstorm\\484-1782541686\\content\\effect-styles-comparison.html"}
{"type":"screen-updated","file":"d:\\TraePro\\fishoil\\tiaoom\\.superpowers\\brainstorm\\484-1782541686\\content\\effect-styles-comparison.html"}
{"type":"screen-updated","file":"d:\\TraePro\\fishoil\\tiaoom\\.superpowers\\brainstorm\\484-1782541686\\content\\effect-styles-comparison.html"}
{"type":"screen-updated","file":"d:\\TraePro\\fishoil\\tiaoom\\.superpowers\\brainstorm\\484-1782541686\\content\\effect-styles-comparison.html"}
{"type":"screen-updated","file":"d:\\TraePro\\fishoil\\tiaoom\\.superpowers\\brainstorm\\484-1782541686\\content\\effect-styles-comparison.html"}
{"type":"screen-updated","file":"d:\\TraePro\\fishoil\\tiaoom\\.superpowers\\brainstorm\\484-1782541686\\content\\effect-styles-comparison.html"}
{"type":"screen-updated","file":"d:\\TraePro\\fishoil\\tiaoom\\.superpowers\\brainstorm\\484-1782541686\\content\\effect-styles-comparison.html"}
{"type":"screen-updated","file":"d:\\TraePro\\fishoil\\tiaoom\\.superpowers\\brainstorm\\484-1782541686\\content\\effect-styles-comparison.html"}
{"type":"screen-updated","file":"d:\\TraePro\\fishoil\\tiaoom\\.superpowers\\brainstorm\\484-1782541686\\content\\effect-styles-comparison.html"}
{"type":"screen-updated","file":"d:\\TraePro\\fishoil\\tiaoom\\.superpowers\\brainstorm\\484-1782541686\\content\\effect-styles-comparison.html"}
{"type":"screen-updated","file":"d:\\TraePro\\fishoil\\tiaoom\\.superpowers\\brainstorm\\484-1782541686\\content\\effect-styles-comparison.html"}
{"type":"screen-updated","file":"d:\\TraePro\\fishoil\\tiaoom\\.superpowers\\brainstorm\\484-1782541686\\content\\effect-styles-comparison.html"}
{"type":"screen-updated","file":"d:\\TraePro\\fishoil\\tiaoom\\.superpowers\\brainstorm\\484-1782541686\\content\\effect-styles-comparison.html"}
{"type":"screen-updated","file":"d:\\TraePro\\fishoil\\tiaoom\\.superpowers\\brainstorm\\484-1782541686\\content\\effect-styles-comparison.html"}
{"type":"screen-updated","file":"d:\\TraePro\\fishoil\\tiaoom\\.superpowers\\brainstorm\\484-1782541686\\content\\effect-styles-comparison.html"}
{"type":"screen-updated","file":"d:\\TraePro\\fishoil\\tiaoom\\.superpowers\\brainstorm\\484-1782541686\\content\\effect-styles-comparison.html"}
{"type":"screen-updated","file":"d:\\TraePro\\fishoil\\tiaoom\\.superpowers\\brainstorm\\484-1782541686\\content\\effect-styles-comparison.html"}
{"type":"screen-updated","file":"d:\\TraePro\\fishoil\\tiaoom\\.superpowers\\brainstorm\\484-1782541686\\content\\effect-styles-comparison.html"}
{"type":"screen-updated","file":"d:\\TraePro\\fishoil\\tiaoom\\.superpowers\\brainstorm\\484-1782541686\\content\\effect-styles-comparison.html"}
{"type":"screen-updated","file":"d:\\TraePro\\fishoil\\tiaoom\\.superpowers\\brainstorm\\484-1782541686\\content\\effect-styles-comparison.html"}
{"type":"screen-updated","file":"d:\\TraePro\\fishoil\\tiaoom\\.superpowers\\brainstorm\\484-1782541686\\content\\effect-styles-comparison.html"}
{"type":"screen-updated","file":"d:\\TraePro\\fishoil\\tiaoom\\.superpowers\\brainstorm\\484-1782541686\\content\\effect-styles-comparison.html"}
{"type":"screen-updated","file":"d:\\TraePro\\fishoil\\tiaoom\\.superpowers\\brainstorm\\484-1782541686\\content\\effect-styles-comparison.html"}
{"type":"screen-updated","file":"d:\\TraePro\\fishoil\\tiaoom\\.superpowers\\brainstorm\\484-1782541686\\content\\effect-styles-comparison.html"}
{"type":"screen-updated","file":"d:\\TraePro\\fishoil\\tiaoom\\.superpowers\\brainstorm\\484-1782541686\\content\\effect-styles-comparison.html"}
{"type":"screen-updated","file":"d:\\TraePro\\fishoil\\tiaoom\\.superpowers\\brainstorm\\484-1782541686\\content\\effect-styles-comparison.html"}
{"type":"screen-updated","file":"d:\\TraePro\\fishoil\\tiaoom\\.superpowers\\brainstorm\\484-1782541686\\content\\effect-styles-comparison.html"}
{"type":"screen-updated","file":"d:\\TraePro\\fishoil\\tiaoom\\.superpowers\\brainstorm\\484-1782541686\\content\\effect-styles-comparison.html"}
{"type":"screen-updated","file":"d:\\TraePro\\fishoil\\tiaoom\\.superpowers\\brainstorm\\484-1782541686\\content\\effect-styles-comparison.html"}
{"type":"screen-updated","file":"d:\\TraePro\\fishoil\\tiaoom\\.superpowers\\brainstorm\\484-1782541686\\content\\effect-styles-comparison.html"}
{"type":"screen-updated","file":"d:\\TraePro\\fishoil\\tiaoom\\.superpowers\\brainstorm\\484-1782541686\\content\\effect-styles-comparison.html"}
{"type":"screen-updated","file":"d:\\TraePro\\fishoil\\tiaoom\\.superpowers\\brainstorm\\484-1782541686\\content\\effect-styles-comparison.html"}
{"type":"screen-updated","file":"d:\\TraePro\\fishoil\\tiaoom\\.superpowers\\brainstorm\\484-1782541686\\content\\effect-styles-comparison.html"}
{"type":"screen-updated","file":"d:\\TraePro\\fishoil\\tiaoom\\.superpowers\\brainstorm\\484-1782541686\\content\\effect-styles-comparison.html"}
{"type":"screen-updated","file":"d:\\TraePro\\fishoil\\tiaoom\\.superpowers\\brainstorm\\484-1782541686\\content\\effect-styles-comparison.html"}
{"type":"screen-updated","file":"d:\\TraePro\\fishoil\\tiaoom\\.superpowers\\brainstorm\\484-1782541686\\content\\effect-styles-comparison.html"}
{"type":"screen-updated","file":"d:\\TraePro\\fishoil\\tiaoom\\.superpowers\\brainstorm\\484-1782541686\\content\\effect-styles-comparison.html"}
{"type":"screen-updated","file":"d:\\TraePro\\fishoil\\tiaoom\\.superpowers\\brainstorm\\484-1782541686\\content\\effect-styles-comparison.html"}
{"type":"screen-updated","file":"d:\\TraePro\\fishoil\\tiaoom\\.superpowers\\brainstorm\\484-1782541686\\content\\effect-styles-comparison.html"}
{"type":"screen-updated","file":"d:\\TraePro\\fishoil\\tiaoom\\.superpowers\\brainstorm\\484-1782541686\\content\\effect-styles-comparison.html"}
{"type":"screen-updated","file":"d:\\TraePro\\fishoil\\tiaoom\\.superpowers\\brainstorm\\484-1782541686\\content\\effect-styles-comparison.html"}
{"type":"screen-updated","file":"d:\\TraePro\\fishoil\\tiaoom\\.superpowers\\brainstorm\\484-1782541686\\content\\effect-styles-comparison.html"}
{"type":"screen-updated","file":"d:\\TraePro\\fishoil\\tiaoom\\.superpowers\\brainstorm\\484-1782541686\\content\\effect-styles-comparison.html"}
{"type":"screen-updated","file":"d:\\TraePro\\fishoil\\tiaoom\\.superpowers\\brainstorm\\484-1782541686\\content\\effect-styles-comparison.html"}
{"type":"screen-updated","file":"d:\\TraePro\\fishoil\\tiaoom\\.superpowers\\brainstorm\\484-1782541686\\content\\effect-styles-comparison.html"}
{"type":"screen-updated","file":"d:\\TraePro\\fishoil\\tiaoom\\.superpowers\\brainstorm\\484-1782541686\\content\\effect-styles-comparison.html"}
{"type":"screen-updated","file":"d:\\TraePro\\fishoil\\tiaoom\\.superpowers\\brainstorm\\484-1782541686\\content\\effect-styles-comparison.html"}
{"type":"screen-updated","file":"d:\\TraePro\\fishoil\\tiaoom\\.superpowers\\brainstorm\\484-1782541686\\content\\effect-styles-comparison.html"}
{"type":"screen-updated","file":"d:\\TraePro\\fishoil\\tiaoom\\.superpowers\\brainstorm\\484-1782541686\\content\\effect-styles-comparison.html"}
{"type":"screen-updated","file":"d:\\TraePro\\fishoil\\tiaoom\\.superpowers\\brainstorm\\484-1782541686\\content\\effect-styles-comparison.html"}
{"type":"screen-updated","file":"d:\\TraePro\\fishoil\\tiaoom\\.superpowers\\brainstorm\\484-1782541686\\content\\effect-styles-comparison.html"}
{"type":"screen-updated","file":"d:\\TraePro\\fishoil\\tiaoom\\.superpowers\\brainstorm\\484-1782541686\\content\\effect-styles-comparison.html"}
{"type":"screen-updated","file":"d:\\TraePro\\fishoil\\tiaoom\\.superpowers\\brainstorm\\484-1782541686\\content\\effect-styles-comparison.html"}
{"type":"screen-updated","file":"d:\\TraePro\\fishoil\\tiaoom\\.superpowers\\brainstorm\\484-1782541686\\content\\effect-styles-comparison.html"}
{"type":"screen-updated","file":"d:\\TraePro\\fishoil\\tiaoom\\.superpowers\\brainstorm\\484-1782541686\\content\\effect-styles-comparison.html"}
{"type":"screen-updated","file":"d:\\TraePro\\fishoil\\tiaoom\\.superpowers\\brainstorm\\484-1782541686\\content\\effect-styles-comparison.html"}
{"type":"screen-updated","file":"d:\\TraePro\\fishoil\\tiaoom\\.superpowers\\brainstorm\\484-1782541686\\content\\effect-styles-comparison.html"}
{"type":"screen-updated","file":"d:\\TraePro\\fishoil\\tiaoom\\.superpowers\\brainstorm\\484-1782541686\\content\\effect-styles-comparison.html"}
{"type":"screen-updated","file":"d:\\TraePro\\fishoil\\tiaoom\\.superpowers\\brainstorm\\484-1782541686\\content\\effect-styles-comparison.html"}
{"type":"screen-updated","file":"d:\\TraePro\\fishoil\\tiaoom\\.superpowers\\brainstorm\\484-1782541686\\content\\effect-styles-comparison.html"}
{"type":"screen-updated","file":"d:\\TraePro\\fishoil\\tiaoom\\.superpowers\\brainstorm\\484-1782541686\\content\\effect-styles-comparison.html"}
{"type":"screen-updated","file":"d:\\TraePro\\fishoil\\tiaoom\\.superpowers\\brainstorm\\484-1782541686\\content\\effect-styles-comparison.html"}
{"type":"screen-updated","file":"d:\\TraePro\\fishoil\\tiaoom\\.superpowers\\brainstorm\\484-1782541686\\content\\effect-styles-comparison.html"}
{"type":"screen-updated","file":"d:\\TraePro\\fishoil\\tiaoom\\.superpowers\\brainstorm\\484-1782541686\\content\\effect-styles-comparison.html"}
{"type":"screen-updated","file":"d:\\TraePro\\fishoil\\tiaoom\\.superpowers\\brainstorm\\484-1782541686\\content\\effect-styles-comparison.html"}
{"type":"screen-updated","file":"d:\\TraePro\\fishoil\\tiaoom\\.superpowers\\brainstorm\\484-1782541686\\content\\effect-styles-comparison.html"}
{"type":"screen-updated","file":"d:\\TraePro\\fishoil\\tiaoom\\.superpowers\\brainstorm\\484-1782541686\\content\\effect-styles-comparison.html"}
{"type":"screen-updated","file":"d:\\TraePro\\fishoil\\tiaoom\\.superpowers\\brainstorm\\484-1782541686\\content\\effect-styles-comparison.html"}
{"type":"screen-updated","file":"d:\\TraePro\\fishoil\\tiaoom\\.superpowers\\brainstorm\\484-1782541686\\content\\effect-styles-comparison.html"}
{"type":"screen-updated","file":"d:\\TraePro\\fishoil\\tiaoom\\.superpowers\\brainstorm\\484-1782541686\\content\\effect-styles-comparison.html"}
{"type":"screen-updated","file":"d:\\TraePro\\fishoil\\tiaoom\\.superpowers\\brainstorm\\484-1782541686\\content\\effect-styles-comparison.html"}
{"type":"screen-updated","file":"d:\\TraePro\\fishoil\\tiaoom\\.superpowers\\brainstorm\\484-1782541686\\content\\effect-styles-comparison.html"}
{"type":"screen-updated","file":"d:\\TraePro\\fishoil\\tiaoom\\.superpowers\\brainstorm\\484-1782541686\\content\\effect-styles-comparison.html"}
{"type":"screen-updated","file":"d:\\TraePro\\fishoil\\tiaoom\\.superpowers\\brainstorm\\484-1782541686\\content\\effect-styles-comparison.html"}
{"type":"screen-updated","file":"d:\\TraePro\\fishoil\\tiaoom\\.superpowers\\brainstorm\\484-1782541686\\content\\effect-styles-comparison.html"}
{"type":"screen-updated","file":"d:\\TraePro\\fishoil\\tiaoom\\.superpowers\\brainstorm\\484-1782541686\\content\\effect-styles-comparison.html"}
{"type":"screen-updated","file":"d:\\TraePro\\fishoil\\tiaoom\\.superpowers\\brainstorm\\484-1782541686\\content\\effect-styles-comparison.html"}
{"type":"screen-updated","file":"d:\\TraePro\\fishoil\\tiaoom\\.superpowers\\brainstorm\\484-1782541686\\content\\effect-styles-comparison.html"}
{"type":"screen-updated","file":"d:\\TraePro\\fishoil\\tiaoom\\.superpowers\\brainstorm\\484-1782541686\\content\\effect-styles-comparison.html"}
{"type":"screen-updated","file":"d:\\TraePro\\fishoil\\tiaoom\\.superpowers\\brainstorm\\484-1782541686\\content\\effect-styles-comparison.html"}
{"type":"screen-updated","file":"d:\\TraePro\\fishoil\\tiaoom\\.superpowers\\brainstorm\\484-1782541686\\content\\effect-styles-comparison.html"}
{"type":"screen-updated","file":"d:\\TraePro\\fishoil\\tiaoom\\.superpowers\\brainstorm\\484-1782541686\\content\\effect-styles-comparison.html"}
{"type":"screen-updated","file":"d:\\TraePro\\fishoil\\tiaoom\\.superpowers\\brainstorm\\484-1782541686\\content\\effect-styles-comparison.html"}
{"type":"screen-updated","file":"d:\\TraePro\\fishoil\\tiaoom\\.superpowers\\brainstorm\\484-1782541686\\content\\effect-styles-comparison.html"}
{"type":"screen-updated","file":"d:\\TraePro\\fishoil\\tiaoom\\.superpowers\\brainstorm\\484-1782541686\\content\\effect-styles-comparison.html"}
{"type":"screen-updated","file":"d:\\TraePro\\fishoil\\tiaoom\\.superpowers\\brainstorm\\484-1782541686\\content\\effect-styles-comparison.html"}
{"type":"screen-updated","file":"d:\\TraePro\\fishoil\\tiaoom\\.superpowers\\brainstorm\\484-1782541686\\content\\effect-styles-comparison.html"}
{"type":"screen-updated","file":"d:\\TraePro\\fishoil\\tiaoom\\.superpowers\\brainstorm\\484-1782541686\\content\\effect-styles-comparison.html"}
{"type":"screen-updated","file":"d:\\TraePro\\fishoil\\tiaoom\\.superpowers\\brainstorm\\484-1782541686\\content\\effect-styles-comparison.html"}
{"type":"screen-updated","file":"d:\\TraePro\\fishoil\\tiaoom\\.superpowers\\brainstorm\\484-1782541686\\content\\effect-styles-comparison.html"}
{"type":"screen-updated","file":"d:\\TraePro\\fishoil\\tiaoom\\.superpowers\\brainstorm\\484-1782541686\\content\\effect-styles-comparison.html"}
{"type":"screen-updated","file":"d:\\TraePro\\fishoil\\tiaoom\\.superpowers\\brainstorm\\484-1782541686\\content\\effect-styles-comparison.html"}
{"type":"screen-updated","file":"d:\\TraePro\\fishoil\\tiaoom\\.superpowers\\brainstorm\\484-1782541686\\content\\effect-styles-comparison.html"}
{"type":"screen-updated","file":"d:\\TraePro\\fishoil\\tiaoom\\.superpowers\\brainstorm\\484-1782541686\\content\\effect-styles-comparison.html"}
{"type":"screen-updated","file":"d:\\TraePro\\fishoil\\tiaoom\\.superpowers\\brainstorm\\484-1782541686\\content\\effect-styles-comparison.html"}
{"type":"screen-updated","file":"d:\\TraePro\\fishoil\\tiaoom\\.superpowers\\brainstorm\\484-1782541686\\content\\effect-styles-comparison.html"}
{"type":"screen-updated","file":"d:\\TraePro\\fishoil\\tiaoom\\.superpowers\\brainstorm\\484-1782541686\\content\\effect-styles-comparison.html"}
{"type":"screen-updated","file":"d:\\TraePro\\fishoil\\tiaoom\\.superpowers\\brainstorm\\484-1782541686\\content\\effect-styles-comparison.html"}
{"type":"screen-updated","file":"d:\\TraePro\\fishoil\\tiaoom\\.superpowers\\brainstorm\\484-1782541686\\content\\effect-styles-comparison.html"}
{"type":"screen-updated","file":"d:\\TraePro\\fishoil\\tiaoom\\.superpowers\\brainstorm\\484-1782541686\\content\\effect-styles-comparison.html"}
{"type":"screen-updated","file":"d:\\TraePro\\fishoil\\tiaoom\\.superpowers\\brainstorm\\484-1782541686\\content\\effect-styles-comparison.html"}
{"type":"screen-updated","file":"d:\\TraePro\\fishoil\\tiaoom\\.superpowers\\brainstorm\\484-1782541686\\content\\effect-styles-comparison.html"}
{"type":"screen-updated","file":"d:\\TraePro\\fishoil\\tiaoom\\.superpowers\\brainstorm\\484-1782541686\\content\\effect-styles-comparison.html"}
{"type":"screen-updated","file":"d:\\TraePro\\fishoil\\tiaoom\\.superpowers\\brainstorm\\484-1782541686\\content\\effect-styles-comparison.html"}
{"type":"screen-updated","file":"d:\\TraePro\\fishoil\\tiaoom\\.superpowers\\brainstorm\\484-1782541686\\content\\effect-styles-comparison.html"}
{"type":"screen-updated","file":"d:\\TraePro\\fishoil\\tiaoom\\.superpowers\\brainstorm\\484-1782541686\\content\\effect-styles-comparison.html"}
{"type":"screen-updated","file":"d:\\TraePro\\fishoil\\tiaoom\\.superpowers\\brainstorm\\484-1782541686\\content\\effect-styles-comparison.html"}
{"type":"screen-updated","file":"d:\\TraePro\\fishoil\\tiaoom\\.superpowers\\brainstorm\\484-1782541686\\content\\effect-styles-comparison.html"}
{"type":"screen-updated","file":"d:\\TraePro\\fishoil\\tiaoom\\.superpowers\\brainstorm\\484-1782541686\\content\\effect-styles-comparison.html"}
{"type":"screen-updated","file":"d:\\TraePro\\fishoil\\tiaoom\\.superpowers\\brainstorm\\484-1782541686\\content\\effect-styles-comparison.html"}
{"type":"screen-updated","file":"d:\\TraePro\\fishoil\\tiaoom\\.superpowers\\brainstorm\\484-1782541686\\content\\effect-styles-comparison.html"}
{"type":"screen-updated","file":"d:\\TraePro\\fishoil\\tiaoom\\.superpowers\\brainstorm\\484-1782541686\\content\\effect-styles-comparison.html"}
{"type":"screen-updated","file":"d:\\TraePro\\fishoil\\tiaoom\\.superpowers\\brainstorm\\484-1782541686\\content\\effect-styles-comparison.html"}
{"type":"screen-updated","file":"d:\\TraePro\\fishoil\\tiaoom\\.superpowers\\brainstorm\\484-1782541686\\content\\effect-styles-comparison.html"}
{"type":"screen-updated","file":"d:\\TraePro\\fishoil\\tiaoom\\.superpowers\\brainstorm\\484-1782541686\\content\\effect-styles-comparison.html"}
{"type":"screen-updated","file":"d:\\TraePro\\fishoil\\tiaoom\\.superpowers\\brainstorm\\484-1782541686\\content\\effect-styles-comparison.html"}
{"type":"screen-updated","file":"d:\\TraePro\\fishoil\\tiaoom\\.superpowers\\brainstorm\\484-1782541686\\content\\effect-styles-comparison.html"}
{"type":"screen-updated","file":"d:\\TraePro\\fishoil\\tiaoom\\.superpowers\\brainstorm\\484-1782541686\\content\\effect-styles-comparison.html"}
{"type":"screen-updated","file":"d:\\TraePro\\fishoil\\tiaoom\\.superpowers\\brainstorm\\484-1782541686\\content\\effect-styles-comparison.html"}
{"type":"screen-updated","file":"d:\\TraePro\\fishoil\\tiaoom\\.superpowers\\brainstorm\\484-1782541686\\content\\effect-styles-comparison.html"}
{"type":"screen-updated","file":"d:\\TraePro\\fishoil\\tiaoom\\.superpowers\\brainstorm\\484-1782541686\\content\\effect-styles-comparison.html"}
{"type":"screen-updated","file":"d:\\TraePro\\fishoil\\tiaoom\\.superpowers\\brainstorm\\484-1782541686\\content\\effect-styles-comparison.html"}
{"type":"screen-updated","file":"d:\\TraePro\\fishoil\\tiaoom\\.superpowers\\brainstorm\\484-1782541686\\content\\effect-styles-comparison.html"}
{"type":"screen-updated","file":"d:\\TraePro\\fishoil\\tiaoom\\.superpowers\\brainstorm\\484-1782541686\\content\\effect-styles-comparison.html"}
{"type":"screen-updated","file":"d:\\TraePro\\fishoil\\tiaoom\\.superpowers\\brainstorm\\484-1782541686\\content\\effect-styles-comparison.html"}
{"type":"screen-updated","file":"d:\\TraePro\\fishoil\\tiaoom\\.superpowers\\brainstorm\\484-1782541686\\content\\effect-styles-comparison.html"}
{"type":"screen-updated","file":"d:\\TraePro\\fishoil\\tiaoom\\.superpowers\\brainstorm\\484-1782541686\\content\\effect-styles-comparison.html"}
{"type":"screen-updated","file":"d:\\TraePro\\fishoil\\tiaoom\\.superpowers\\brainstorm\\484-1782541686\\content\\effect-styles-comparison.html"}
{"type":"screen-updated","file":"d:\\TraePro\\fishoil\\tiaoom\\.superpowers\\brainstorm\\484-1782541686\\content\\effect-styles-comparison.html"}
{"type":"screen-updated","file":"d:\\TraePro\\fishoil\\tiaoom\\.superpowers\\brainstorm\\484-1782541686\\content\\effect-styles-comparison.html"}
{"type":"screen-updated","file":"d:\\TraePro\\fishoil\\tiaoom\\.superpowers\\brainstorm\\484-1782541686\\content\\effect-styles-comparison.html"}
{"type":"screen-updated","file":"d:\\TraePro\\fishoil\\tiaoom\\.superpowers\\brainstorm\\484-1782541686\\content\\effect-styles-comparison.html"}
{"type":"screen-updated","file":"d:\\TraePro\\fishoil\\tiaoom\\.superpowers\\brainstorm\\484-1782541686\\content\\effect-styles-comparison.html"}
{"type":"screen-updated","file":"d:\\TraePro\\fishoil\\tiaoom\\.superpowers\\brainstorm\\484-1782541686\\content\\effect-styles-comparison.html"}
{"type":"screen-updated","file":"d:\\TraePro\\fishoil\\tiaoom\\.superpowers\\brainstorm\\484-1782541686\\content\\effect-styles-comparison.html"}
{"type":"screen-updated","file":"d:\\TraePro\\fishoil\\tiaoom\\.superpowers\\brainstorm\\484-1782541686\\content\\effect-styles-comparison.html"}
{"type":"screen-updated","file":"d:\\TraePro\\fishoil\\tiaoom\\.superpowers\\brainstorm\\484-1782541686\\content\\effect-styles-comparison.html"}
{"type":"screen-updated","file":"d:\\TraePro\\fishoil\\tiaoom\\.superpowers\\brainstorm\\484-1782541686\\content\\effect-styles-comparison.html"}
{"type":"screen-updated","file":"d:\\TraePro\\fishoil\\tiaoom\\.superpowers\\brainstorm\\484-1782541686\\content\\effect-styles-comparison.html"}
{"type":"screen-updated","file":"d:\\TraePro\\fishoil\\tiaoom\\.superpowers\\brainstorm\\484-1782541686\\content\\effect-styles-comparison.html"}
{"type":"screen-updated","file":"d:\\TraePro\\fishoil\\tiaoom\\.superpowers\\brainstorm\\484-1782541686\\content\\effect-styles-comparison.html"}
{"type":"screen-updated","file":"d:\\TraePro\\fishoil\\tiaoom\\.superpowers\\brainstorm\\484-1782541686\\content\\effect-styles-comparison.html"}
{"type":"screen-updated","file":"d:\\TraePro\\fishoil\\tiaoom\\.superpowers\\brainstorm\\484-1782541686\\content\\effect-styles-comparison.html"}
{"type":"screen-updated","file":"d:\\TraePro\\fishoil\\tiaoom\\.superpowers\\brainstorm\\484-1782541686\\content\\effect-styles-comparison.html"}
{"type":"screen-updated","file":"d:\\TraePro\\fishoil\\tiaoom\\.superpowers\\brainstorm\\484-1782541686\\content\\effect-styles-comparison.html"}
{"type":"screen-updated","file":"d:\\TraePro\\fishoil\\tiaoom\\.superpowers\\brainstorm\\484-1782541686\\content\\effect-styles-comparison.html"}
{"type":"screen-updated","file":"d:\\TraePro\\fishoil\\tiaoom\\.superpowers\\brainstorm\\484-1782541686\\content\\effect-styles-comparison.html"}
{"type":"screen-updated","file":"d:\\TraePro\\fishoil\\tiaoom\\.superpowers\\brainstorm\\484-1782541686\\content\\effect-styles-comparison.html"}
{"type":"screen-updated","file":"d:\\TraePro\\fishoil\\tiaoom\\.superpowers\\brainstorm\\484-1782541686\\content\\effect-styles-comparison.html"}
{"type":"screen-updated","file":"d:\\TraePro\\fishoil\\tiaoom\\.superpowers\\brainstorm\\484-1782541686\\content\\effect-styles-comparison.html"}
{"type":"screen-updated","file":"d:\\TraePro\\fishoil\\tiaoom\\.superpowers\\brainstorm\\484-1782541686\\content\\effect-styles-comparison.html"}
{"type":"screen-updated","file":"d:\\TraePro\\fishoil\\tiaoom\\.superpowers\\brainstorm\\484-1782541686\\content\\effect-styles-comparison.html"}
{"type":"screen-updated","file":"d:\\TraePro\\fishoil\\tiaoom\\.superpowers\\brainstorm\\484-1782541686\\content\\effect-styles-comparison.html"}
{"type":"screen-updated","file":"d:\\TraePro\\fishoil\\tiaoom\\.superpowers\\brainstorm\\484-1782541686\\content\\effect-styles-comparison.html"}
{"type":"screen-updated","file":"d:\\TraePro\\fishoil\\tiaoom\\.superpowers\\brainstorm\\484-1782541686\\content\\effect-styles-comparison.html"}
{"type":"screen-updated","file":"d:\\TraePro\\fishoil\\tiaoom\\.superpowers\\brainstorm\\484-1782541686\\content\\effect-styles-comparison.html"}
{"type":"screen-updated","file":"d:\\TraePro\\fishoil\\tiaoom\\.superpowers\\brainstorm\\484-1782541686\\content\\effect-styles-comparison.html"}
{"type":"screen-updated","file":"d:\\TraePro\\fishoil\\tiaoom\\.superpowers\\brainstorm\\484-1782541686\\content\\effect-styles-comparison.html"}
{"type":"screen-updated","file":"d:\\TraePro\\fishoil\\tiaoom\\.superpowers\\brainstorm\\484-1782541686\\content\\effect-styles-comparison.html"}
{"source":"user-event","type":"click","text":"F. 混合终极方案 ⭐ 推荐\n        Bloom 后处理 + Shader 扭曲 + GPU 粒子 + 轻度赛博朋克元素，集各家所长\n        \n          ✅ 视觉顶级 ·\n          ✅ 风格统一 ·\n          ⚠️ 工作量大 ·\n          ✅ 分阶段可实现","choice":"hybrid","id":null,"timestamp":1782542479500}
{"source":"user-event","type":"click","text":"E. 写实物理爆裂\n        火焰 + 烟雾 + 飞溅碎片 + 真实物理，电影级爆炸质感\n        \n          ✅ 写实震撼 ·\n          ⚠️ 工作量大 ·\n          ❌ 不太契合赛博风","choice":"realistic","id":null,"timestamp":1782542480036}
{"type":"screen-added","file":"d:\\TraePro\\fishoil\\tiaoom\\.superpowers\\brainstorm\\484-1782541686\\content\\linkage-concept.html"}
{"type":"screen-updated","file":"d:\\TraePro\\fishoil\\tiaoom\\.superpowers\\brainstorm\\484-1782541686\\content\\linkage-concept.html"}
{"type":"screen-updated","file":"d:\\TraePro\\fishoil\\tiaoom\\.superpowers\\brainstorm\\484-1782541686\\content\\linkage-concept.html"}
{"type":"screen-updated","file":"d:\\TraePro\\fishoil\\tiaoom\\.superpowers\\brainstorm\\484-1782541686\\content\\linkage-concept.html"}
{"type":"screen-updated","file":"d:\\TraePro\\fishoil\\tiaoom\\.superpowers\\brainstorm\\484-1782541686\\content\\linkage-concept.html"}
{"type":"screen-updated","file":"d:\\TraePro\\fishoil\\tiaoom\\.superpowers\\brainstorm\\484-1782541686\\content\\linkage-concept.html"}
{"type":"screen-updated","file":"d:\\TraePro\\fishoil\\tiaoom\\.superpowers\\brainstorm\\484-1782541686\\content\\linkage-concept.html"}
{"type":"screen-updated","file":"d:\\TraePro\\fishoil\\tiaoom\\.superpowers\\brainstorm\\484-1782541686\\content\\linkage-concept.html"}
{"type":"screen-updated","file":"d:\\TraePro\\fishoil\\tiaoom\\.superpowers\\brainstorm\\484-1782541686\\content\\linkage-concept.html"}
{"type":"screen-updated","file":"d:\\TraePro\\fishoil\\tiaoom\\.superpowers\\brainstorm\\484-1782541686\\content\\linkage-concept.html"}
{"type":"screen-updated","file":"d:\\TraePro\\fishoil\\tiaoom\\.superpowers\\brainstorm\\484-1782541686\\content\\linkage-concept.html"}
{"type":"screen-updated","file":"d:\\TraePro\\fishoil\\tiaoom\\.superpowers\\brainstorm\\484-1782541686\\content\\linkage-concept.html"}
{"type":"screen-updated","file":"d:\\TraePro\\fishoil\\tiaoom\\.superpowers\\brainstorm\\484-1782541686\\content\\linkage-concept.html"}
{"type":"screen-updated","file":"d:\\TraePro\\fishoil\\tiaoom\\.superpowers\\brainstorm\\484-1782541686\\content\\linkage-concept.html"}
{"type":"screen-updated","file":"d:\\TraePro\\fishoil\\tiaoom\\.superpowers\\brainstorm\\484-1782541686\\content\\linkage-concept.html"}
{"type":"screen-updated","file":"d:\\TraePro\\fishoil\\tiaoom\\.superpowers\\brainstorm\\484-1782541686\\content\\linkage-concept.html"}
{"type":"screen-updated","file":"d:\\TraePro\\fishoil\\tiaoom\\.superpowers\\brainstorm\\484-1782541686\\content\\linkage-concept.html"}
{"type":"screen-updated","file":"d:\\TraePro\\fishoil\\tiaoom\\.superpowers\\brainstorm\\484-1782541686\\content\\linkage-concept.html"}
{"type":"screen-updated","file":"d:\\TraePro\\fishoil\\tiaoom\\.superpowers\\brainstorm\\484-1782541686\\content\\linkage-concept.html"}
{"type":"screen-updated","file":"d:\\TraePro\\fishoil\\tiaoom\\.superpowers\\brainstorm\\484-1782541686\\content\\linkage-concept.html"}
{"type":"screen-updated","file":"d:\\TraePro\\fishoil\\tiaoom\\.superpowers\\brainstorm\\484-1782541686\\content\\linkage-concept.html"}
{"type":"screen-updated","file":"d:\\TraePro\\fishoil\\tiaoom\\.superpowers\\brainstorm\\484-1782541686\\content\\linkage-concept.html"}
{"type":"screen-updated","file":"d:\\TraePro\\fishoil\\tiaoom\\.superpowers\\brainstorm\\484-1782541686\\content\\linkage-concept.html"}
{"type":"screen-updated","file":"d:\\TraePro\\fishoil\\tiaoom\\.superpowers\\brainstorm\\484-1782541686\\content\\linkage-concept.html"}
{"type":"screen-updated","file":"d:\\TraePro\\fishoil\\tiaoom\\.superpowers\\brainstorm\\484-1782541686\\content\\linkage-concept.html"}
{"type":"screen-updated","file":"d:\\TraePro\\fishoil\\tiaoom\\.superpowers\\brainstorm\\484-1782541686\\content\\linkage-concept.html"}
{"type":"screen-updated","file":"d:\\TraePro\\fishoil\\tiaoom\\.superpowers\\brainstorm\\484-1782541686\\content\\linkage-concept.html"}
{"type":"screen-updated","file":"d:\\TraePro\\fishoil\\tiaoom\\.superpowers\\brainstorm\\484-1782541686\\content\\linkage-concept.html"}
{"type":"screen-updated","file":"d:\\TraePro\\fishoil\\tiaoom\\.superpowers\\brainstorm\\484-1782541686\\content\\linkage-concept.html"}
{"type":"screen-updated","file":"d:\\TraePro\\fishoil\\tiaoom\\.superpowers\\brainstorm\\484-1782541686\\content\\linkage-concept.html"}
{"type":"screen-updated","file":"d:\\TraePro\\fishoil\\tiaoom\\.superpowers\\brainstorm\\484-1782541686\\content\\linkage-concept.html"}
{"type":"screen-updated","file":"d:\\TraePro\\fishoil\\tiaoom\\.superpowers\\brainstorm\\484-1782541686\\content\\linkage-concept.html"}
{"type":"screen-updated","file":"d:\\TraePro\\fishoil\\tiaoom\\.superpowers\\brainstorm\\484-1782541686\\content\\linkage-concept.html"}
{"type":"screen-updated","file":"d:\\TraePro\\fishoil\\tiaoom\\.superpowers\\brainstorm\\484-1782541686\\content\\linkage-concept.html"}
{"type":"screen-updated","file":"d:\\TraePro\\fishoil\\tiaoom\\.superpowers\\brainstorm\\484-1782541686\\content\\linkage-concept.html"}
{"type":"screen-updated","file":"d:\\TraePro\\fishoil\\tiaoom\\.superpowers\\brainstorm\\484-1782541686\\content\\linkage-concept.html"}
{"type":"screen-updated","file":"d:\\TraePro\\fishoil\\tiaoom\\.superpowers\\brainstorm\\484-1782541686\\content\\linkage-concept.html"}
{"type":"screen-updated","file":"d:\\TraePro\\fishoil\\tiaoom\\.superpowers\\brainstorm\\484-1782541686\\content\\linkage-concept.html"}
{"type":"screen-updated","file":"d:\\TraePro\\fishoil\\tiaoom\\.superpowers\\brainstorm\\484-1782541686\\content\\linkage-concept.html"}
{"type":"screen-updated","file":"d:\\TraePro\\fishoil\\tiaoom\\.superpowers\\brainstorm\\484-1782541686\\content\\linkage-concept.html"}
{"type":"screen-updated","file":"d:\\TraePro\\fishoil\\tiaoom\\.superpowers\\brainstorm\\484-1782541686\\content\\linkage-concept.html"}
{"type":"screen-updated","file":"d:\\TraePro\\fishoil\\tiaoom\\.superpowers\\brainstorm\\484-1782541686\\content\\linkage-concept.html"}
{"type":"screen-updated","file":"d:\\TraePro\\fishoil\\tiaoom\\.superpowers\\brainstorm\\484-1782541686\\content\\linkage-concept.html"}
{"type":"screen-updated","file":"d:\\TraePro\\fishoil\\tiaoom\\.superpowers\\brainstorm\\484-1782541686\\content\\linkage-concept.html"}
{"type":"screen-updated","file":"d:\\TraePro\\fishoil\\tiaoom\\.superpowers\\brainstorm\\484-1782541686\\content\\linkage-concept.html"}
{"type":"screen-updated","file":"d:\\TraePro\\fishoil\\tiaoom\\.superpowers\\brainstorm\\484-1782541686\\content\\linkage-concept.html"}
{"type":"screen-updated","file":"d:\\TraePro\\fishoil\\tiaoom\\.superpowers\\brainstorm\\484-1782541686\\content\\linkage-concept.html"}
{"type":"screen-updated","file":"d:\\TraePro\\fishoil\\tiaoom\\.superpowers\\brainstorm\\484-1782541686\\content\\linkage-concept.html"}
{"type":"screen-updated","file":"d:\\TraePro\\fishoil\\tiaoom\\.superpowers\\brainstorm\\484-1782541686\\content\\linkage-concept.html"}
{"type":"screen-updated","file":"d:\\TraePro\\fishoil\\tiaoom\\.superpowers\\brainstorm\\484-1782541686\\content\\linkage-concept.html"}
{"type":"screen-updated","file":"d:\\TraePro\\fishoil\\tiaoom\\.superpowers\\brainstorm\\484-1782541686\\content\\linkage-concept.html"}
{"type":"screen-updated","file":"d:\\TraePro\\fishoil\\tiaoom\\.superpowers\\brainstorm\\484-1782541686\\content\\linkage-concept.html"}
{"type":"screen-updated","file":"d:\\TraePro\\fishoil\\tiaoom\\.superpowers\\brainstorm\\484-1782541686\\content\\linkage-concept.html"}
{"type":"screen-updated","file":"d:\\TraePro\\fishoil\\tiaoom\\.superpowers\\brainstorm\\484-1782541686\\content\\linkage-concept.html"}
{"type":"screen-updated","file":"d:\\TraePro\\fishoil\\tiaoom\\.superpowers\\brainstorm\\484-1782541686\\content\\linkage-concept.html"}
{"type":"screen-updated","file":"d:\\TraePro\\fishoil\\tiaoom\\.superpowers\\brainstorm\\484-1782541686\\content\\linkage-concept.html"}
{"type":"screen-updated","file":"d:\\TraePro\\fishoil\\tiaoom\\.superpowers\\brainstorm\\484-1782541686\\content\\linkage-concept.html"}
{"type":"screen-updated","file":"d:\\TraePro\\fishoil\\tiaoom\\.superpowers\\brainstorm\\484-1782541686\\content\\linkage-concept.html"}
{"type":"screen-updated","file":"d:\\TraePro\\fishoil\\tiaoom\\.superpowers\\brainstorm\\484-1782541686\\content\\linkage-concept.html"}
{"type":"screen-updated","file":"d:\\TraePro\\fishoil\\tiaoom\\.superpowers\\brainstorm\\484-1782541686\\content\\linkage-concept.html"}
{"type":"screen-updated","file":"d:\\TraePro\\fishoil\\tiaoom\\.superpowers\\brainstorm\\484-1782541686\\content\\linkage-concept.html"}
{"type":"screen-updated","file":"d:\\TraePro\\fishoil\\tiaoom\\.superpowers\\brainstorm\\484-1782541686\\content\\linkage-concept.html"}
{"type":"screen-updated","file":"d:\\TraePro\\fishoil\\tiaoom\\.superpowers\\brainstorm\\484-1782541686\\content\\linkage-concept.html"}
{"type":"screen-updated","file":"d:\\TraePro\\fishoil\\tiaoom\\.superpowers\\brainstorm\\484-1782541686\\content\\linkage-concept.html"}
{"type":"screen-updated","file":"d:\\TraePro\\fishoil\\tiaoom\\.superpowers\\brainstorm\\484-1782541686\\content\\linkage-concept.html"}
{"type":"screen-updated","file":"d:\\TraePro\\fishoil\\tiaoom\\.superpowers\\brainstorm\\484-1782541686\\content\\linkage-concept.html"}
{"type":"screen-updated","file":"d:\\TraePro\\fishoil\\tiaoom\\.superpowers\\brainstorm\\484-1782541686\\content\\linkage-concept.html"}
{"type":"screen-updated","file":"d:\\TraePro\\fishoil\\tiaoom\\.superpowers\\brainstorm\\484-1782541686\\content\\linkage-concept.html"}
{"type":"screen-updated","file":"d:\\TraePro\\fishoil\\tiaoom\\.superpowers\\brainstorm\\484-1782541686\\content\\linkage-concept.html"}
{"type":"screen-updated","file":"d:\\TraePro\\fishoil\\tiaoom\\.superpowers\\brainstorm\\484-1782541686\\content\\linkage-concept.html"}
{"type":"screen-updated","file":"d:\\TraePro\\fishoil\\tiaoom\\.superpowers\\brainstorm\\484-1782541686\\content\\linkage-concept.html"}
{"type":"screen-updated","file":"d:\\TraePro\\fishoil\\tiaoom\\.superpowers\\brainstorm\\484-1782541686\\content\\linkage-concept.html"}
{"type":"screen-updated","file":"d:\\TraePro\\fishoil\\tiaoom\\.superpowers\\brainstorm\\484-1782541686\\content\\linkage-concept.html"}
{"type":"screen-updated","file":"d:\\TraePro\\fishoil\\tiaoom\\.superpowers\\brainstorm\\484-1782541686\\content\\linkage-concept.html"}
{"type":"screen-updated","file":"d:\\TraePro\\fishoil\\tiaoom\\.superpowers\\brainstorm\\484-1782541686\\content\\linkage-concept.html"}
{"type":"screen-updated","file":"d:\\TraePro\\fishoil\\tiaoom\\.superpowers\\brainstorm\\484-1782541686\\content\\linkage-concept.html"}
{"type":"screen-updated","file":"d:\\TraePro\\fishoil\\tiaoom\\.superpowers\\brainstorm\\484-1782541686\\content\\linkage-concept.html"}
{"type":"screen-updated","file":"d:\\TraePro\\fishoil\\tiaoom\\.superpowers\\brainstorm\\484-1782541686\\content\\linkage-concept.html"}
{"type":"screen-updated","file":"d:\\TraePro\\fishoil\\tiaoom\\.superpowers\\brainstorm\\484-1782541686\\content\\linkage-concept.html"}
{"type":"screen-updated","file":"d:\\TraePro\\fishoil\\tiaoom\\.superpowers\\brainstorm\\484-1782541686\\content\\linkage-concept.html"}
{"type":"screen-updated","file":"d:\\TraePro\\fishoil\\tiaoom\\.superpowers\\brainstorm\\484-1782541686\\content\\linkage-concept.html"}
{"type":"screen-updated","file":"d:\\TraePro\\fishoil\\tiaoom\\.superpowers\\brainstorm\\484-1782541686\\content\\linkage-concept.html"}
{"type":"screen-updated","file":"d:\\TraePro\\fishoil\\tiaoom\\.superpowers\\brainstorm\\484-1782541686\\content\\linkage-concept.html"}
{"type":"screen-updated","file":"d:\\TraePro\\fishoil\\tiaoom\\.superpowers\\brainstorm\\484-1782541686\\content\\linkage-concept.html"}
{"type":"screen-updated","file":"d:\\TraePro\\fishoil\\tiaoom\\.superpowers\\brainstorm\\484-1782541686\\content\\linkage-concept.html"}
{"type":"screen-updated","file":"d:\\TraePro\\fishoil\\tiaoom\\.superpowers\\brainstorm\\484-1782541686\\content\\linkage-concept.html"}
{"type":"screen-updated","file":"d:\\TraePro\\fishoil\\tiaoom\\.superpowers\\brainstorm\\484-1782541686\\content\\linkage-concept.html"}
{"type":"screen-updated","file":"d:\\TraePro\\fishoil\\tiaoom\\.superpowers\\brainstorm\\484-1782541686\\content\\linkage-concept.html"}
{"type":"screen-updated","file":"d:\\TraePro\\fishoil\\tiaoom\\.superpowers\\brainstorm\\484-1782541686\\content\\linkage-concept.html"}
{"type":"screen-updated","file":"d:\\TraePro\\fishoil\\tiaoom\\.superpowers\\brainstorm\\484-1782541686\\content\\linkage-concept.html"}
{"type":"screen-updated","file":"d:\\TraePro\\fishoil\\tiaoom\\.superpowers\\brainstorm\\484-1782541686\\content\\linkage-concept.html"}
{"type":"screen-updated","file":"d:\\TraePro\\fishoil\\tiaoom\\.superpowers\\brainstorm\\484-1782541686\\content\\linkage-concept.html"}
{"type":"screen-updated","file":"d:\\TraePro\\fishoil\\tiaoom\\.superpowers\\brainstorm\\484-1782541686\\content\\linkage-concept.html"}
{"type":"screen-updated","file":"d:\\TraePro\\fishoil\\tiaoom\\.superpowers\\brainstorm\\484-1782541686\\content\\linkage-concept.html"}
{"type":"screen-updated","file":"d:\\TraePro\\fishoil\\tiaoom\\.superpowers\\brainstorm\\484-1782541686\\content\\linkage-concept.html"}
{"type":"screen-updated","file":"d:\\TraePro\\fishoil\\tiaoom\\.superpowers\\brainstorm\\484-1782541686\\content\\linkage-concept.html"}
{"type":"screen-updated","file":"d:\\TraePro\\fishoil\\tiaoom\\.superpowers\\brainstorm\\484-1782541686\\content\\linkage-concept.html"}
{"type":"screen-updated","file":"d:\\TraePro\\fishoil\\tiaoom\\.superpowers\\brainstorm\\484-1782541686\\content\\linkage-concept.html"}
{"type":"screen-updated","file":"d:\\TraePro\\fishoil\\tiaoom\\.superpowers\\brainstorm\\484-1782541686\\content\\linkage-concept.html"}
{"type":"screen-updated","file":"d:\\TraePro\\fishoil\\tiaoom\\.superpowers\\brainstorm\\484-1782541686\\content\\linkage-concept.html"}
{"type":"screen-updated","file":"d:\\TraePro\\fishoil\\tiaoom\\.superpowers\\brainstorm\\484-1782541686\\content\\linkage-concept.html"}
{"type":"screen-updated","file":"d:\\TraePro\\fishoil\\tiaoom\\.superpowers\\brainstorm\\484-1782541686\\content\\linkage-concept.html"}
{"type":"screen-updated","file":"d:\\TraePro\\fishoil\\tiaoom\\.superpowers\\brainstorm\\484-1782541686\\content\\linkage-concept.html"}
{"type":"screen-updated","file":"d:\\TraePro\\fishoil\\tiaoom\\.superpowers\\brainstorm\\484-1782541686\\content\\linkage-concept.html"}
{"type":"screen-updated","file":"d:\\TraePro\\fishoil\\tiaoom\\.superpowers\\brainstorm\\484-1782541686\\content\\linkage-concept.html"}
{"type":"screen-updated","file":"d:\\TraePro\\fishoil\\tiaoom\\.superpowers\\brainstorm\\484-1782541686\\content\\linkage-concept.html"}
{"type":"screen-updated","file":"d:\\TraePro\\fishoil\\tiaoom\\.superpowers\\brainstorm\\484-1782541686\\content\\linkage-concept.html"}
{"type":"screen-updated","file":"d:\\TraePro\\fishoil\\tiaoom\\.superpowers\\brainstorm\\484-1782541686\\content\\linkage-concept.html"}
{"type":"screen-updated","file":"d:\\TraePro\\fishoil\\tiaoom\\.superpowers\\brainstorm\\484-1782541686\\content\\linkage-concept.html"}
{"type":"screen-updated","file":"d:\\TraePro\\fishoil\\tiaoom\\.superpowers\\brainstorm\\484-1782541686\\content\\linkage-concept.html"}
{"type":"screen-updated","file":"d:\\TraePro\\fishoil\\tiaoom\\.superpowers\\brainstorm\\484-1782541686\\content\\linkage-concept.html"}
{"type":"screen-updated","file":"d:\\TraePro\\fishoil\\tiaoom\\.superpowers\\brainstorm\\484-1782541686\\content\\linkage-concept.html"}
{"type":"screen-updated","file":"d:\\TraePro\\fishoil\\tiaoom\\.superpowers\\brainstorm\\484-1782541686\\content\\linkage-concept.html"}
{"type":"screen-updated","file":"d:\\TraePro\\fishoil\\tiaoom\\.superpowers\\brainstorm\\484-1782541686\\content\\linkage-concept.html"}
{"type":"screen-updated","file":"d:\\TraePro\\fishoil\\tiaoom\\.superpowers\\brainstorm\\484-1782541686\\content\\linkage-concept.html"}
{"type":"screen-updated","file":"d:\\TraePro\\fishoil\\tiaoom\\.superpowers\\brainstorm\\484-1782541686\\content\\linkage-concept.html"}
{"type":"screen-updated","file":"d:\\TraePro\\fishoil\\tiaoom\\.superpowers\\brainstorm\\484-1782541686\\content\\linkage-concept.html"}
{"type":"screen-updated","file":"d:\\TraePro\\fishoil\\tiaoom\\.superpowers\\brainstorm\\484-1782541686\\content\\linkage-concept.html"}
{"type":"screen-updated","file":"d:\\TraePro\\fishoil\\tiaoom\\.superpowers\\brainstorm\\484-1782541686\\content\\linkage-concept.html"}
{"type":"screen-updated","file":"d:\\TraePro\\fishoil\\tiaoom\\.superpowers\\brainstorm\\484-1782541686\\content\\linkage-concept.html"}
{"type":"screen-updated","file":"d:\\TraePro\\fishoil\\tiaoom\\.superpowers\\brainstorm\\484-1782541686\\content\\linkage-concept.html"}
{"type":"screen-updated","file":"d:\\TraePro\\fishoil\\tiaoom\\.superpowers\\brainstorm\\484-1782541686\\content\\linkage-concept.html"}
{"type":"screen-updated","file":"d:\\TraePro\\fishoil\\tiaoom\\.superpowers\\brainstorm\\484-1782541686\\content\\linkage-concept.html"}
{"type":"screen-updated","file":"d:\\TraePro\\fishoil\\tiaoom\\.superpowers\\brainstorm\\484-1782541686\\content\\linkage-concept.html"}
{"type":"screen-updated","file":"d:\\TraePro\\fishoil\\tiaoom\\.superpowers\\brainstorm\\484-1782541686\\content\\linkage-concept.html"}
{"type":"screen-updated","file":"d:\\TraePro\\fishoil\\tiaoom\\.superpowers\\brainstorm\\484-1782541686\\content\\linkage-concept.html"}
{"type":"screen-updated","file":"d:\\TraePro\\fishoil\\tiaoom\\.superpowers\\brainstorm\\484-1782541686\\content\\linkage-concept.html"}
{"type":"screen-updated","file":"d:\\TraePro\\fishoil\\tiaoom\\.superpowers\\brainstorm\\484-1782541686\\content\\linkage-concept.html"}
{"type":"screen-updated","file":"d:\\TraePro\\fishoil\\tiaoom\\.superpowers\\brainstorm\\484-1782541686\\content\\linkage-concept.html"}
{"type":"screen-updated","file":"d:\\TraePro\\fishoil\\tiaoom\\.superpowers\\brainstorm\\484-1782541686\\content\\linkage-concept.html"}
{"type":"screen-updated","file":"d:\\TraePro\\fishoil\\tiaoom\\.superpowers\\brainstorm\\484-1782541686\\content\\linkage-concept.html"}
{"type":"screen-updated","file":"d:\\TraePro\\fishoil\\tiaoom\\.superpowers\\brainstorm\\484-1782541686\\content\\linkage-concept.html"}
{"type":"screen-updated","file":"d:\\TraePro\\fishoil\\tiaoom\\.superpowers\\brainstorm\\484-1782541686\\content\\linkage-concept.html"}
{"type":"screen-updated","file":"d:\\TraePro\\fishoil\\tiaoom\\.superpowers\\brainstorm\\484-1782541686\\content\\linkage-concept.html"}
{"type":"screen-updated","file":"d:\\TraePro\\fishoil\\tiaoom\\.superpowers\\brainstorm\\484-1782541686\\content\\linkage-concept.html"}
{"type":"screen-updated","file":"d:\\TraePro\\fishoil\\tiaoom\\.superpowers\\brainstorm\\484-1782541686\\content\\linkage-concept.html"}
{"type":"screen-updated","file":"d:\\TraePro\\fishoil\\tiaoom\\.superpowers\\brainstorm\\484-1782541686\\content\\linkage-concept.html"}
{"type":"screen-updated","file":"d:\\TraePro\\fishoil\\tiaoom\\.superpowers\\brainstorm\\484-1782541686\\content\\linkage-concept.html"}
{"type":"screen-updated","file":"d:\\TraePro\\fishoil\\tiaoom\\.superpowers\\brainstorm\\484-1782541686\\content\\linkage-concept.html"}
{"type":"screen-updated","file":"d:\\TraePro\\fishoil\\tiaoom\\.superpowers\\brainstorm\\484-1782541686\\content\\linkage-concept.html"}
{"type":"screen-updated","file":"d:\\TraePro\\fishoil\\tiaoom\\.superpowers\\brainstorm\\484-1782541686\\content\\linkage-concept.html"}
{"type":"screen-updated","file":"d:\\TraePro\\fishoil\\tiaoom\\.superpowers\\brainstorm\\484-1782541686\\content\\linkage-concept.html"}
{"type":"screen-updated","file":"d:\\TraePro\\fishoil\\tiaoom\\.superpowers\\brainstorm\\484-1782541686\\content\\linkage-concept.html"}
{"type":"screen-added","file":"d:\\TraePro\\fishoil\\tiaoom\\.superpowers\\brainstorm\\484-1782541686\\content\\character-effect-audit.html"}
{"type":"screen-updated","file":"d:\\TraePro\\fishoil\\tiaoom\\.superpowers\\brainstorm\\484-1782541686\\content\\character-effect-audit.html"}
{"type":"screen-updated","file":"d:\\TraePro\\fishoil\\tiaoom\\.superpowers\\brainstorm\\484-1782541686\\content\\character-effect-audit.html"}
{"type":"screen-updated","file":"d:\\TraePro\\fishoil\\tiaoom\\.superpowers\\brainstorm\\484-1782541686\\content\\character-effect-audit.html"}
{"type":"screen-updated","file":"d:\\TraePro\\fishoil\\tiaoom\\.superpowers\\brainstorm\\484-1782541686\\content\\character-effect-audit.html"}
{"type":"screen-updated","file":"d:\\TraePro\\fishoil\\tiaoom\\.superpowers\\brainstorm\\484-1782541686\\content\\character-effect-audit.html"}
{"type":"screen-updated","file":"d:\\TraePro\\fishoil\\tiaoom\\.superpowers\\brainstorm\\484-1782541686\\content\\character-effect-audit.html"}
{"type":"screen-updated","file":"d:\\TraePro\\fishoil\\tiaoom\\.superpowers\\brainstorm\\484-1782541686\\content\\character-effect-audit.html"}
{"type":"screen-updated","file":"d:\\TraePro\\fishoil\\tiaoom\\.superpowers\\brainstorm\\484-1782541686\\content\\character-effect-audit.html"}
{"type":"screen-updated","file":"d:\\TraePro\\fishoil\\tiaoom\\.superpowers\\brainstorm\\484-1782541686\\content\\character-effect-audit.html"}
{"type":"screen-updated","file":"d:\\TraePro\\fishoil\\tiaoom\\.superpowers\\brainstorm\\484-1782541686\\content\\character-effect-audit.html"}
{"type":"screen-updated","file":"d:\\TraePro\\fishoil\\tiaoom\\.superpowers\\brainstorm\\484-1782541686\\content\\character-effect-audit.html"}
{"type":"screen-updated","file":"d:\\TraePro\\fishoil\\tiaoom\\.superpowers\\brainstorm\\484-1782541686\\content\\character-effect-audit.html"}
{"type":"screen-updated","file":"d:\\TraePro\\fishoil\\tiaoom\\.superpowers\\brainstorm\\484-1782541686\\content\\character-effect-audit.html"}
{"type":"screen-updated","file":"d:\\TraePro\\fishoil\\tiaoom\\.superpowers\\brainstorm\\484-1782541686\\content\\character-effect-audit.html"}
{"type":"screen-updated","file":"d:\\TraePro\\fishoil\\tiaoom\\.superpowers\\brainstorm\\484-1782541686\\content\\character-effect-audit.html"}
{"type":"screen-updated","file":"d:\\TraePro\\fishoil\\tiaoom\\.superpowers\\brainstorm\\484-1782541686\\content\\character-effect-audit.html"}
{"type":"screen-updated","file":"d:\\TraePro\\fishoil\\tiaoom\\.superpowers\\brainstorm\\484-1782541686\\content\\character-effect-audit.html"}
{"type":"screen-updated","file":"d:\\TraePro\\fishoil\\tiaoom\\.superpowers\\brainstorm\\484-1782541686\\content\\character-effect-audit.html"}
{"type":"screen-updated","file":"d:\\TraePro\\fishoil\\tiaoom\\.superpowers\\brainstorm\\484-1782541686\\content\\character-effect-audit.html"}
{"type":"screen-updated","file":"d:\\TraePro\\fishoil\\tiaoom\\.superpowers\\brainstorm\\484-1782541686\\content\\character-effect-audit.html"}
{"type":"screen-updated","file":"d:\\TraePro\\fishoil\\tiaoom\\.superpowers\\brainstorm\\484-1782541686\\content\\character-effect-audit.html"}
{"type":"screen-updated","file":"d:\\TraePro\\fishoil\\tiaoom\\.superpowers\\brainstorm\\484-1782541686\\content\\character-effect-audit.html"}
{"type":"screen-updated","file":"d:\\TraePro\\fishoil\\tiaoom\\.superpowers\\brainstorm\\484-1782541686\\content\\character-effect-audit.html"}
{"type":"screen-updated","file":"d:\\TraePro\\fishoil\\tiaoom\\.superpowers\\brainstorm\\484-1782541686\\content\\character-effect-audit.html"}
{"type":"screen-updated","file":"d:\\TraePro\\fishoil\\tiaoom\\.superpowers\\brainstorm\\484-1782541686\\content\\character-effect-audit.html"}
{"type":"screen-updated","file":"d:\\TraePro\\fishoil\\tiaoom\\.superpowers\\brainstorm\\484-1782541686\\content\\character-effect-audit.html"}
{"type":"screen-updated","file":"d:\\TraePro\\fishoil\\tiaoom\\.superpowers\\brainstorm\\484-1782541686\\content\\character-effect-audit.html"}
{"type":"screen-updated","file":"d:\\TraePro\\fishoil\\tiaoom\\.superpowers\\brainstorm\\484-1782541686\\content\\character-effect-audit.html"}
{"type":"screen-updated","file":"d:\\TraePro\\fishoil\\tiaoom\\.superpowers\\brainstorm\\484-1782541686\\content\\character-effect-audit.html"}
{"type":"screen-updated","file":"d:\\TraePro\\fishoil\\tiaoom\\.superpowers\\brainstorm\\484-1782541686\\content\\character-effect-audit.html"}
{"type":"screen-updated","file":"d:\\TraePro\\fishoil\\tiaoom\\.superpowers\\brainstorm\\484-1782541686\\content\\character-effect-audit.html"}
{"type":"screen-updated","file":"d:\\TraePro\\fishoil\\tiaoom\\.superpowers\\brainstorm\\484-1782541686\\content\\character-effect-audit.html"}
{"type":"screen-updated","file":"d:\\TraePro\\fishoil\\tiaoom\\.superpowers\\brainstorm\\484-1782541686\\content\\character-effect-audit.html"}
{"type":"screen-updated","file":"d:\\TraePro\\fishoil\\tiaoom\\.superpowers\\brainstorm\\484-1782541686\\content\\character-effect-audit.html"}
{"type":"screen-updated","file":"d:\\TraePro\\fishoil\\tiaoom\\.superpowers\\brainstorm\\484-1782541686\\content\\character-effect-audit.html"}
{"type":"screen-updated","file":"d:\\TraePro\\fishoil\\tiaoom\\.superpowers\\brainstorm\\484-1782541686\\content\\character-effect-audit.html"}
{"type":"screen-updated","file":"d:\\TraePro\\fishoil\\tiaoom\\.superpowers\\brainstorm\\484-1782541686\\content\\character-effect-audit.html"}
{"type":"screen-updated","file":"d:\\TraePro\\fishoil\\tiaoom\\.superpowers\\brainstorm\\484-1782541686\\content\\character-effect-audit.html"}
{"type":"screen-updated","file":"d:\\TraePro\\fishoil\\tiaoom\\.superpowers\\brainstorm\\484-1782541686\\content\\character-effect-audit.html"}
{"type":"screen-updated","file":"d:\\TraePro\\fishoil\\tiaoom\\.superpowers\\brainstorm\\484-1782541686\\content\\character-effect-audit.html"}
{"type":"screen-updated","file":"d:\\TraePro\\fishoil\\tiaoom\\.superpowers\\brainstorm\\484-1782541686\\content\\character-effect-audit.html"}
{"type":"screen-updated","file":"d:\\TraePro\\fishoil\\tiaoom\\.superpowers\\brainstorm\\484-1782541686\\content\\character-effect-audit.html"}
{"type":"screen-updated","file":"d:\\TraePro\\fishoil\\tiaoom\\.superpowers\\brainstorm\\484-1782541686\\content\\character-effect-audit.html"}
{"type":"screen-updated","file":"d:\\TraePro\\fishoil\\tiaoom\\.superpowers\\brainstorm\\484-1782541686\\content\\character-effect-audit.html"}
{"type":"screen-updated","file":"d:\\TraePro\\fishoil\\tiaoom\\.superpowers\\brainstorm\\484-1782541686\\content\\character-effect-audit.html"}
{"type":"screen-updated","file":"d:\\TraePro\\fishoil\\tiaoom\\.superpowers\\brainstorm\\484-1782541686\\content\\character-effect-audit.html"}
{"type":"screen-updated","file":"d:\\TraePro\\fishoil\\tiaoom\\.superpowers\\brainstorm\\484-1782541686\\content\\character-effect-audit.html"}
{"type":"screen-updated","file":"d:\\TraePro\\fishoil\\tiaoom\\.superpowers\\brainstorm\\484-1782541686\\content\\character-effect-audit.html"}
{"type":"screen-updated","file":"d:\\TraePro\\fishoil\\tiaoom\\.superpowers\\brainstorm\\484-1782541686\\content\\character-effect-audit.html"}
{"type":"screen-updated","file":"d:\\TraePro\\fishoil\\tiaoom\\.superpowers\\brainstorm\\484-1782541686\\content\\character-effect-audit.html"}
{"type":"screen-updated","file":"d:\\TraePro\\fishoil\\tiaoom\\.superpowers\\brainstorm\\484-1782541686\\content\\character-effect-audit.html"}
{"type":"screen-updated","file":"d:\\TraePro\\fishoil\\tiaoom\\.superpowers\\brainstorm\\484-1782541686\\content\\character-effect-audit.html"}
{"type":"screen-updated","file":"d:\\TraePro\\fishoil\\tiaoom\\.superpowers\\brainstorm\\484-1782541686\\content\\character-effect-audit.html"}
{"type":"screen-updated","file":"d:\\TraePro\\fishoil\\tiaoom\\.superpowers\\brainstorm\\484-1782541686\\content\\character-effect-audit.html"}
{"type":"screen-updated","file":"d:\\TraePro\\fishoil\\tiaoom\\.superpowers\\brainstorm\\484-1782541686\\content\\character-effect-audit.html"}
{"type":"screen-updated","file":"d:\\TraePro\\fishoil\\tiaoom\\.superpowers\\brainstorm\\484-1782541686\\content\\character-effect-audit.html"}
{"type":"screen-updated","file":"d:\\TraePro\\fishoil\\tiaoom\\.superpowers\\brainstorm\\484-1782541686\\content\\character-effect-audit.html"}
{"type":"screen-updated","file":"d:\\TraePro\\fishoil\\tiaoom\\.superpowers\\brainstorm\\484-1782541686\\content\\character-effect-audit.html"}
{"type":"screen-updated","file":"d:\\TraePro\\fishoil\\tiaoom\\.superpowers\\brainstorm\\484-1782541686\\content\\character-effect-audit.html"}
{"type":"screen-updated","file":"d:\\TraePro\\fishoil\\tiaoom\\.superpowers\\brainstorm\\484-1782541686\\content\\character-effect-audit.html"}
{"type":"screen-updated","file":"d:\\TraePro\\fishoil\\tiaoom\\.superpowers\\brainstorm\\484-1782541686\\content\\character-effect-audit.html"}
{"type":"screen-updated","file":"d:\\TraePro\\fishoil\\tiaoom\\.superpowers\\brainstorm\\484-1782541686\\content\\character-effect-audit.html"}
{"type":"screen-updated","file":"d:\\TraePro\\fishoil\\tiaoom\\.superpowers\\brainstorm\\484-1782541686\\content\\character-effect-audit.html"}
{"type":"screen-updated","file":"d:\\TraePro\\fishoil\\tiaoom\\.superpowers\\brainstorm\\484-1782541686\\content\\character-effect-audit.html"}
{"type":"screen-updated","file":"d:\\TraePro\\fishoil\\tiaoom\\.superpowers\\brainstorm\\484-1782541686\\content\\character-effect-audit.html"}
{"type":"screen-updated","file":"d:\\TraePro\\fishoil\\tiaoom\\.superpowers\\brainstorm\\484-1782541686\\content\\character-effect-audit.html"}
{"type":"screen-updated","file":"d:\\TraePro\\fishoil\\tiaoom\\.superpowers\\brainstorm\\484-1782541686\\content\\character-effect-audit.html"}
{"type":"screen-updated","file":"d:\\TraePro\\fishoil\\tiaoom\\.superpowers\\brainstorm\\484-1782541686\\content\\character-effect-audit.html"}
{"type":"screen-updated","file":"d:\\TraePro\\fishoil\\tiaoom\\.superpowers\\brainstorm\\484-1782541686\\content\\character-effect-audit.html"}
{"type":"screen-updated","file":"d:\\TraePro\\fishoil\\tiaoom\\.superpowers\\brainstorm\\484-1782541686\\content\\character-effect-audit.html"}
{"type":"screen-updated","file":"d:\\TraePro\\fishoil\\tiaoom\\.superpowers\\brainstorm\\484-1782541686\\content\\character-effect-audit.html"}
{"type":"screen-updated","file":"d:\\TraePro\\fishoil\\tiaoom\\.superpowers\\brainstorm\\484-1782541686\\content\\character-effect-audit.html"}
{"type":"screen-updated","file":"d:\\TraePro\\fishoil\\tiaoom\\.superpowers\\brainstorm\\484-1782541686\\content\\character-effect-audit.html"}
{"type":"screen-updated","file":"d:\\TraePro\\fishoil\\tiaoom\\.superpowers\\brainstorm\\484-1782541686\\content\\character-effect-audit.html"}
{"type":"screen-updated","file":"d:\\TraePro\\fishoil\\tiaoom\\.superpowers\\brainstorm\\484-1782541686\\content\\character-effect-audit.html"}
{"type":"screen-updated","file":"d:\\TraePro\\fishoil\\tiaoom\\.superpowers\\brainstorm\\484-1782541686\\content\\character-effect-audit.html"}
{"type":"screen-updated","file":"d:\\TraePro\\fishoil\\tiaoom\\.superpowers\\brainstorm\\484-1782541686\\content\\character-effect-audit.html"}
{"type":"screen-updated","file":"d:\\TraePro\\fishoil\\tiaoom\\.superpowers\\brainstorm\\484-1782541686\\content\\character-effect-audit.html"}
{"type":"screen-updated","file":"d:\\TraePro\\fishoil\\tiaoom\\.superpowers\\brainstorm\\484-1782541686\\content\\character-effect-audit.html"}
{"type":"screen-updated","file":"d:\\TraePro\\fishoil\\tiaoom\\.superpowers\\brainstorm\\484-1782541686\\content\\character-effect-audit.html"}
{"type":"screen-updated","file":"d:\\TraePro\\fishoil\\tiaoom\\.superpowers\\brainstorm\\484-1782541686\\content\\character-effect-audit.html"}
{"type":"screen-updated","file":"d:\\TraePro\\fishoil\\tiaoom\\.superpowers\\brainstorm\\484-1782541686\\content\\character-effect-audit.html"}
{"type":"screen-updated","file":"d:\\TraePro\\fishoil\\tiaoom\\.superpowers\\brainstorm\\484-1782541686\\content\\character-effect-audit.html"}
{"type":"screen-updated","file":"d:\\TraePro\\fishoil\\tiaoom\\.superpowers\\brainstorm\\484-1782541686\\content\\character-effect-audit.html"}
{"type":"screen-updated","file":"d:\\TraePro\\fishoil\\tiaoom\\.superpowers\\brainstorm\\484-1782541686\\content\\character-effect-audit.html"}
{"type":"screen-updated","file":"d:\\TraePro\\fishoil\\tiaoom\\.superpowers\\brainstorm\\484-1782541686\\content\\character-effect-audit.html"}
{"type":"screen-updated","file":"d:\\TraePro\\fishoil\\tiaoom\\.superpowers\\brainstorm\\484-1782541686\\content\\character-effect-audit.html"}
{"type":"screen-updated","file":"d:\\TraePro\\fishoil\\tiaoom\\.superpowers\\brainstorm\\484-1782541686\\content\\character-effect-audit.html"}
{"type":"screen-updated","file":"d:\\TraePro\\fishoil\\tiaoom\\.superpowers\\brainstorm\\484-1782541686\\content\\character-effect-audit.html"}
{"type":"screen-updated","file":"d:\\TraePro\\fishoil\\tiaoom\\.superpowers\\brainstorm\\484-1782541686\\content\\character-effect-audit.html"}
{"type":"screen-updated","file":"d:\\TraePro\\fishoil\\tiaoom\\.superpowers\\brainstorm\\484-1782541686\\content\\character-effect-audit.html"}
{"type":"screen-updated","file":"d:\\TraePro\\fishoil\\tiaoom\\.superpowers\\brainstorm\\484-1782541686\\content\\character-effect-audit.html"}
{"type":"screen-updated","file":"d:\\TraePro\\fishoil\\tiaoom\\.superpowers\\brainstorm\\484-1782541686\\content\\character-effect-audit.html"}
{"type":"screen-updated","file":"d:\\TraePro\\fishoil\\tiaoom\\.superpowers\\brainstorm\\484-1782541686\\content\\character-effect-audit.html"}
{"type":"screen-updated","file":"d:\\TraePro\\fishoil\\tiaoom\\.superpowers\\brainstorm\\484-1782541686\\content\\character-effect-audit.html"}
{"type":"screen-updated","file":"d:\\TraePro\\fishoil\\tiaoom\\.superpowers\\brainstorm\\484-1782541686\\content\\character-effect-audit.html"}
{"type":"screen-updated","file":"d:\\TraePro\\fishoil\\tiaoom\\.superpowers\\brainstorm\\484-1782541686\\content\\character-effect-audit.html"}
{"type":"screen-updated","file":"d:\\TraePro\\fishoil\\tiaoom\\.superpowers\\brainstorm\\484-1782541686\\content\\character-effect-audit.html"}
{"type":"screen-updated","file":"d:\\TraePro\\fishoil\\tiaoom\\.superpowers\\brainstorm\\484-1782541686\\content\\character-effect-audit.html"}
{"type":"screen-updated","file":"d:\\TraePro\\fishoil\\tiaoom\\.superpowers\\brainstorm\\484-1782541686\\content\\character-effect-audit.html"}
{"type":"screen-updated","file":"d:\\TraePro\\fishoil\\tiaoom\\.superpowers\\brainstorm\\484-1782541686\\content\\character-effect-audit.html"}
{"type":"screen-updated","file":"d:\\TraePro\\fishoil\\tiaoom\\.superpowers\\brainstorm\\484-1782541686\\content\\character-effect-audit.html"}
{"type":"screen-updated","file":"d:\\TraePro\\fishoil\\tiaoom\\.superpowers\\brainstorm\\484-1782541686\\content\\character-effect-audit.html"}
{"type":"screen-updated","file":"d:\\TraePro\\fishoil\\tiaoom\\.superpowers\\brainstorm\\484-1782541686\\content\\character-effect-audit.html"}
{"type":"screen-updated","file":"d:\\TraePro\\fishoil\\tiaoom\\.superpowers\\brainstorm\\484-1782541686\\content\\character-effect-audit.html"}
{"type":"screen-updated","file":"d:\\TraePro\\fishoil\\tiaoom\\.superpowers\\brainstorm\\484-1782541686\\content\\character-effect-audit.html"}
{"type":"screen-updated","file":"d:\\TraePro\\fishoil\\tiaoom\\.superpowers\\brainstorm\\484-1782541686\\content\\character-effect-audit.html"}
{"type":"screen-updated","file":"d:\\TraePro\\fishoil\\tiaoom\\.superpowers\\brainstorm\\484-1782541686\\content\\character-effect-audit.html"}
{"type":"screen-updated","file":"d:\\TraePro\\fishoil\\tiaoom\\.superpowers\\brainstorm\\484-1782541686\\content\\character-effect-audit.html"}
{"type":"screen-updated","file":"d:\\TraePro\\fishoil\\tiaoom\\.superpowers\\brainstorm\\484-1782541686\\content\\character-effect-audit.html"}
{"type":"screen-updated","file":"d:\\TraePro\\fishoil\\tiaoom\\.superpowers\\brainstorm\\484-1782541686\\content\\character-effect-audit.html"}
{"type":"screen-updated","file":"d:\\TraePro\\fishoil\\tiaoom\\.superpowers\\brainstorm\\484-1782541686\\content\\character-effect-audit.html"}
{"type":"screen-updated","file":"d:\\TraePro\\fishoil\\tiaoom\\.superpowers\\brainstorm\\484-1782541686\\content\\character-effect-audit.html"}
{"type":"screen-updated","file":"d:\\TraePro\\fishoil\\tiaoom\\.superpowers\\brainstorm\\484-1782541686\\content\\character-effect-audit.html"}
{"type":"screen-updated","file":"d:\\TraePro\\fishoil\\tiaoom\\.superpowers\\brainstorm\\484-1782541686\\content\\character-effect-audit.html"}
{"type":"screen-updated","file":"d:\\TraePro\\fishoil\\tiaoom\\.superpowers\\brainstorm\\484-1782541686\\content\\character-effect-audit.html"}
{"type":"screen-updated","file":"d:\\TraePro\\fishoil\\tiaoom\\.superpowers\\brainstorm\\484-1782541686\\content\\character-effect-audit.html"}
{"type":"screen-updated","file":"d:\\TraePro\\fishoil\\tiaoom\\.superpowers\\brainstorm\\484-1782541686\\content\\character-effect-audit.html"}
{"type":"screen-updated","file":"d:\\TraePro\\fishoil\\tiaoom\\.superpowers\\brainstorm\\484-1782541686\\content\\character-effect-audit.html"}
{"type":"screen-updated","file":"d:\\TraePro\\fishoil\\tiaoom\\.superpowers\\brainstorm\\484-1782541686\\content\\character-effect-audit.html"}
{"type":"screen-updated","file":"d:\\TraePro\\fishoil\\tiaoom\\.superpowers\\brainstorm\\484-1782541686\\content\\character-effect-audit.html"}
{"type":"screen-updated","file":"d:\\TraePro\\fishoil\\tiaoom\\.superpowers\\brainstorm\\484-1782541686\\content\\character-effect-audit.html"}
{"type":"screen-updated","file":"d:\\TraePro\\fishoil\\tiaoom\\.superpowers\\brainstorm\\484-1782541686\\content\\character-effect-audit.html"}
{"type":"screen-updated","file":"d:\\TraePro\\fishoil\\tiaoom\\.superpowers\\brainstorm\\484-1782541686\\content\\character-effect-audit.html"}
{"type":"screen-updated","file":"d:\\TraePro\\fishoil\\tiaoom\\.superpowers\\brainstorm\\484-1782541686\\content\\character-effect-audit.html"}
{"type":"screen-updated","file":"d:\\TraePro\\fishoil\\tiaoom\\.superpowers\\brainstorm\\484-1782541686\\content\\character-effect-audit.html"}
{"type":"screen-updated","file":"d:\\TraePro\\fishoil\\tiaoom\\.superpowers\\brainstorm\\484-1782541686\\content\\character-effect-audit.html"}
{"type":"screen-updated","file":"d:\\TraePro\\fishoil\\tiaoom\\.superpowers\\brainstorm\\484-1782541686\\content\\character-effect-audit.html"}
{"type":"screen-updated","file":"d:\\TraePro\\fishoil\\tiaoom\\.superpowers\\brainstorm\\484-1782541686\\content\\character-effect-audit.html"}
{"type":"screen-updated","file":"d:\\TraePro\\fishoil\\tiaoom\\.superpowers\\brainstorm\\484-1782541686\\content\\character-effect-audit.html"}
{"type":"screen-updated","file":"d:\\TraePro\\fishoil\\tiaoom\\.superpowers\\brainstorm\\484-1782541686\\content\\character-effect-audit.html"}
{"type":"screen-updated","file":"d:\\TraePro\\fishoil\\tiaoom\\.superpowers\\brainstorm\\484-1782541686\\content\\character-effect-audit.html"}
{"type":"screen-updated","file":"d:\\TraePro\\fishoil\\tiaoom\\.superpowers\\brainstorm\\484-1782541686\\content\\character-effect-audit.html"}
{"type":"screen-updated","file":"d:\\TraePro\\fishoil\\tiaoom\\.superpowers\\brainstorm\\484-1782541686\\content\\character-effect-audit.html"}
{"type":"screen-updated","file":"d:\\TraePro\\fishoil\\tiaoom\\.superpowers\\brainstorm\\484-1782541686\\content\\character-effect-audit.html"}
{"type":"screen-updated","file":"d:\\TraePro\\fishoil\\tiaoom\\.superpowers\\brainstorm\\484-1782541686\\content\\character-effect-audit.html"}
{"type":"screen-updated","file":"d:\\TraePro\\fishoil\\tiaoom\\.superpowers\\brainstorm\\484-1782541686\\content\\character-effect-audit.html"}
{"type":"screen-updated","file":"d:\\TraePro\\fishoil\\tiaoom\\.superpowers\\brainstorm\\484-1782541686\\content\\character-effect-audit.html"}
{"type":"screen-updated","file":"d:\\TraePro\\fishoil\\tiaoom\\.superpowers\\brainstorm\\484-1782541686\\content\\character-effect-audit.html"}
{"type":"screen-updated","file":"d:\\TraePro\\fishoil\\tiaoom\\.superpowers\\brainstorm\\484-1782541686\\content\\character-effect-audit.html"}
{"type":"screen-updated","file":"d:\\TraePro\\fishoil\\tiaoom\\.superpowers\\brainstorm\\484-1782541686\\content\\character-effect-audit.html"}
{"type":"screen-added","file":"d:\\TraePro\\fishoil\\tiaoom\\.superpowers\\brainstorm\\484-1782541686\\content\\xianchengyue-ugly.html"}
{"type":"screen-updated","file":"d:\\TraePro\\fishoil\\tiaoom\\.superpowers\\brainstorm\\484-1782541686\\content\\xianchengyue-ugly.html"}
{"type":"screen-updated","file":"d:\\TraePro\\fishoil\\tiaoom\\.superpowers\\brainstorm\\484-1782541686\\content\\xianchengyue-ugly.html"}
{"type":"screen-updated","file":"d:\\TraePro\\fishoil\\tiaoom\\.superpowers\\brainstorm\\484-1782541686\\content\\xianchengyue-ugly.html"}
{"type":"screen-updated","file":"d:\\TraePro\\fishoil\\tiaoom\\.superpowers\\brainstorm\\484-1782541686\\content\\xianchengyue-ugly.html"}
{"type":"screen-updated","file":"d:\\TraePro\\fishoil\\tiaoom\\.superpowers\\brainstorm\\484-1782541686\\content\\xianchengyue-ugly.html"}
{"type":"screen-updated","file":"d:\\TraePro\\fishoil\\tiaoom\\.superpowers\\brainstorm\\484-1782541686\\content\\xianchengyue-ugly.html"}
{"type":"screen-updated","file":"d:\\TraePro\\fishoil\\tiaoom\\.superpowers\\brainstorm\\484-1782541686\\content\\xianchengyue-ugly.html"}
{"type":"screen-updated","file":"d:\\TraePro\\fishoil\\tiaoom\\.superpowers\\brainstorm\\484-1782541686\\content\\xianchengyue-ugly.html"}
{"type":"screen-updated","file":"d:\\TraePro\\fishoil\\tiaoom\\.superpowers\\brainstorm\\484-1782541686\\content\\xianchengyue-ugly.html"}
{"type":"screen-updated","file":"d:\\TraePro\\fishoil\\tiaoom\\.superpowers\\brainstorm\\484-1782541686\\content\\xianchengyue-ugly.html"}
{"type":"screen-updated","file":"d:\\TraePro\\fishoil\\tiaoom\\.superpowers\\brainstorm\\484-1782541686\\content\\xianchengyue-ugly.html"}
{"type":"screen-updated","file":"d:\\TraePro\\fishoil\\tiaoom\\.superpowers\\brainstorm\\484-1782541686\\content\\xianchengyue-ugly.html"}
{"type":"screen-updated","file":"d:\\TraePro\\fishoil\\tiaoom\\.superpowers\\brainstorm\\484-1782541686\\content\\xianchengyue-ugly.html"}
{"type":"screen-updated","file":"d:\\TraePro\\fishoil\\tiaoom\\.superpowers\\brainstorm\\484-1782541686\\content\\xianchengyue-ugly.html"}
{"type":"screen-updated","file":"d:\\TraePro\\fishoil\\tiaoom\\.superpowers\\brainstorm\\484-1782541686\\content\\xianchengyue-ugly.html"}
{"type":"screen-updated","file":"d:\\TraePro\\fishoil\\tiaoom\\.superpowers\\brainstorm\\484-1782541686\\content\\xianchengyue-ugly.html"}
{"type":"screen-updated","file":"d:\\TraePro\\fishoil\\tiaoom\\.superpowers\\brainstorm\\484-1782541686\\content\\xianchengyue-ugly.html"}
{"type":"screen-updated","file":"d:\\TraePro\\fishoil\\tiaoom\\.superpowers\\brainstorm\\484-1782541686\\content\\xianchengyue-ugly.html"}
{"type":"screen-updated","file":"d:\\TraePro\\fishoil\\tiaoom\\.superpowers\\brainstorm\\484-1782541686\\content\\xianchengyue-ugly.html"}
{"type":"screen-updated","file":"d:\\TraePro\\fishoil\\tiaoom\\.superpowers\\brainstorm\\484-1782541686\\content\\xianchengyue-ugly.html"}
{"type":"screen-updated","file":"d:\\TraePro\\fishoil\\tiaoom\\.superpowers\\brainstorm\\484-1782541686\\content\\xianchengyue-ugly.html"}
{"type":"screen-updated","file":"d:\\TraePro\\fishoil\\tiaoom\\.superpowers\\brainstorm\\484-1782541686\\content\\xianchengyue-ugly.html"}
{"type":"screen-updated","file":"d:\\TraePro\\fishoil\\tiaoom\\.superpowers\\brainstorm\\484-1782541686\\content\\xianchengyue-ugly.html"}
{"type":"screen-updated","file":"d:\\TraePro\\fishoil\\tiaoom\\.superpowers\\brainstorm\\484-1782541686\\content\\xianchengyue-ugly.html"}
{"type":"screen-updated","file":"d:\\TraePro\\fishoil\\tiaoom\\.superpowers\\brainstorm\\484-1782541686\\content\\xianchengyue-ugly.html"}
{"type":"screen-updated","file":"d:\\TraePro\\fishoil\\tiaoom\\.superpowers\\brainstorm\\484-1782541686\\content\\xianchengyue-ugly.html"}
{"type":"screen-updated","file":"d:\\TraePro\\fishoil\\tiaoom\\.superpowers\\brainstorm\\484-1782541686\\content\\xianchengyue-ugly.html"}
{"type":"screen-updated","file":"d:\\TraePro\\fishoil\\tiaoom\\.superpowers\\brainstorm\\484-1782541686\\content\\xianchengyue-ugly.html"}
{"type":"screen-updated","file":"d:\\TraePro\\fishoil\\tiaoom\\.superpowers\\brainstorm\\484-1782541686\\content\\xianchengyue-ugly.html"}
{"type":"screen-updated","file":"d:\\TraePro\\fishoil\\tiaoom\\.superpowers\\brainstorm\\484-1782541686\\content\\xianchengyue-ugly.html"}
{"type":"screen-updated","file":"d:\\TraePro\\fishoil\\tiaoom\\.superpowers\\brainstorm\\484-1782541686\\content\\xianchengyue-ugly.html"}
{"type":"screen-updated","file":"d:\\TraePro\\fishoil\\tiaoom\\.superpowers\\brainstorm\\484-1782541686\\content\\xianchengyue-ugly.html"}
{"type":"screen-updated","file":"d:\\TraePro\\fishoil\\tiaoom\\.superpowers\\brainstorm\\484-1782541686\\content\\xianchengyue-ugly.html"}
{"type":"screen-updated","file":"d:\\TraePro\\fishoil\\tiaoom\\.superpowers\\brainstorm\\484-1782541686\\content\\xianchengyue-ugly.html"}
{"type":"screen-updated","file":"d:\\TraePro\\fishoil\\tiaoom\\.superpowers\\brainstorm\\484-1782541686\\content\\xianchengyue-ugly.html"}
{"type":"screen-updated","file":"d:\\TraePro\\fishoil\\tiaoom\\.superpowers\\brainstorm\\484-1782541686\\content\\xianchengyue-ugly.html"}
{"type":"screen-updated","file":"d:\\TraePro\\fishoil\\tiaoom\\.superpowers\\brainstorm\\484-1782541686\\content\\xianchengyue-ugly.html"}
{"type":"screen-updated","file":"d:\\TraePro\\fishoil\\tiaoom\\.superpowers\\brainstorm\\484-1782541686\\content\\xianchengyue-ugly.html"}
{"type":"screen-updated","file":"d:\\TraePro\\fishoil\\tiaoom\\.superpowers\\brainstorm\\484-1782541686\\content\\xianchengyue-ugly.html"}
{"type":"screen-updated","file":"d:\\TraePro\\fishoil\\tiaoom\\.superpowers\\brainstorm\\484-1782541686\\content\\xianchengyue-ugly.html"}
{"type":"screen-updated","file":"d:\\TraePro\\fishoil\\tiaoom\\.superpowers\\brainstorm\\484-1782541686\\content\\xianchengyue-ugly.html"}
{"type":"screen-updated","file":"d:\\TraePro\\fishoil\\tiaoom\\.superpowers\\brainstorm\\484-1782541686\\content\\xianchengyue-ugly.html"}
{"type":"screen-updated","file":"d:\\TraePro\\fishoil\\tiaoom\\.superpowers\\brainstorm\\484-1782541686\\content\\xianchengyue-ugly.html"}
{"type":"screen-updated","file":"d:\\TraePro\\fishoil\\tiaoom\\.superpowers\\brainstorm\\484-1782541686\\content\\xianchengyue-ugly.html"}
{"type":"screen-updated","file":"d:\\TraePro\\fishoil\\tiaoom\\.superpowers\\brainstorm\\484-1782541686\\content\\xianchengyue-ugly.html"}
{"type":"screen-updated","file":"d:\\TraePro\\fishoil\\tiaoom\\.superpowers\\brainstorm\\484-1782541686\\content\\xianchengyue-ugly.html"}
{"type":"screen-updated","file":"d:\\TraePro\\fishoil\\tiaoom\\.superpowers\\brainstorm\\484-1782541686\\content\\xianchengyue-ugly.html"}
{"type":"screen-updated","file":"d:\\TraePro\\fishoil\\tiaoom\\.superpowers\\brainstorm\\484-1782541686\\content\\xianchengyue-ugly.html"}
{"type":"screen-updated","file":"d:\\TraePro\\fishoil\\tiaoom\\.superpowers\\brainstorm\\484-1782541686\\content\\xianchengyue-ugly.html"}
{"type":"screen-updated","file":"d:\\TraePro\\fishoil\\tiaoom\\.superpowers\\brainstorm\\484-1782541686\\content\\xianchengyue-ugly.html"}
{"type":"screen-updated","file":"d:\\TraePro\\fishoil\\tiaoom\\.superpowers\\brainstorm\\484-1782541686\\content\\xianchengyue-ugly.html"}
{"type":"screen-updated","file":"d:\\TraePro\\fishoil\\tiaoom\\.superpowers\\brainstorm\\484-1782541686\\content\\xianchengyue-ugly.html"}
{"type":"screen-updated","file":"d:\\TraePro\\fishoil\\tiaoom\\.superpowers\\brainstorm\\484-1782541686\\content\\xianchengyue-ugly.html"}
{"type":"screen-updated","file":"d:\\TraePro\\fishoil\\tiaoom\\.superpowers\\brainstorm\\484-1782541686\\content\\xianchengyue-ugly.html"}
{"type":"screen-updated","file":"d:\\TraePro\\fishoil\\tiaoom\\.superpowers\\brainstorm\\484-1782541686\\content\\xianchengyue-ugly.html"}
{"type":"screen-updated","file":"d:\\TraePro\\fishoil\\tiaoom\\.superpowers\\brainstorm\\484-1782541686\\content\\xianchengyue-ugly.html"}
{"type":"screen-updated","file":"d:\\TraePro\\fishoil\\tiaoom\\.superpowers\\brainstorm\\484-1782541686\\content\\xianchengyue-ugly.html"}
{"type":"screen-updated","file":"d:\\TraePro\\fishoil\\tiaoom\\.superpowers\\brainstorm\\484-1782541686\\content\\xianchengyue-ugly.html"}
{"type":"screen-updated","file":"d:\\TraePro\\fishoil\\tiaoom\\.superpowers\\brainstorm\\484-1782541686\\content\\xianchengyue-ugly.html"}
{"type":"screen-updated","file":"d:\\TraePro\\fishoil\\tiaoom\\.superpowers\\brainstorm\\484-1782541686\\content\\xianchengyue-ugly.html"}
{"type":"screen-updated","file":"d:\\TraePro\\fishoil\\tiaoom\\.superpowers\\brainstorm\\484-1782541686\\content\\xianchengyue-ugly.html"}
{"type":"screen-updated","file":"d:\\TraePro\\fishoil\\tiaoom\\.superpowers\\brainstorm\\484-1782541686\\content\\xianchengyue-ugly.html"}
{"type":"screen-updated","file":"d:\\TraePro\\fishoil\\tiaoom\\.superpowers\\brainstorm\\484-1782541686\\content\\xianchengyue-ugly.html"}
{"type":"screen-updated","file":"d:\\TraePro\\fishoil\\tiaoom\\.superpowers\\brainstorm\\484-1782541686\\content\\xianchengyue-ugly.html"}
{"type":"screen-updated","file":"d:\\TraePro\\fishoil\\tiaoom\\.superpowers\\brainstorm\\484-1782541686\\content\\xianchengyue-ugly.html"}
{"type":"screen-updated","file":"d:\\TraePro\\fishoil\\tiaoom\\.superpowers\\brainstorm\\484-1782541686\\content\\xianchengyue-ugly.html"}
{"type":"screen-updated","file":"d:\\TraePro\\fishoil\\tiaoom\\.superpowers\\brainstorm\\484-1782541686\\content\\xianchengyue-ugly.html"}
{"type":"screen-updated","file":"d:\\TraePro\\fishoil\\tiaoom\\.superpowers\\brainstorm\\484-1782541686\\content\\xianchengyue-ugly.html"}
{"type":"screen-updated","file":"d:\\TraePro\\fishoil\\tiaoom\\.superpowers\\brainstorm\\484-1782541686\\content\\xianchengyue-ugly.html"}
{"type":"screen-updated","file":"d:\\TraePro\\fishoil\\tiaoom\\.superpowers\\brainstorm\\484-1782541686\\content\\xianchengyue-ugly.html"}
{"type":"screen-updated","file":"d:\\TraePro\\fishoil\\tiaoom\\.superpowers\\brainstorm\\484-1782541686\\content\\xianchengyue-ugly.html"}
{"type":"screen-updated","file":"d:\\TraePro\\fishoil\\tiaoom\\.superpowers\\brainstorm\\484-1782541686\\content\\xianchengyue-ugly.html"}
{"type":"screen-updated","file":"d:\\TraePro\\fishoil\\tiaoom\\.superpowers\\brainstorm\\484-1782541686\\content\\xianchengyue-ugly.html"}
{"type":"screen-updated","file":"d:\\TraePro\\fishoil\\tiaoom\\.superpowers\\brainstorm\\484-1782541686\\content\\xianchengyue-ugly.html"}
{"type":"screen-updated","file":"d:\\TraePro\\fishoil\\tiaoom\\.superpowers\\brainstorm\\484-1782541686\\content\\xianchengyue-ugly.html"}
{"type":"screen-updated","file":"d:\\TraePro\\fishoil\\tiaoom\\.superpowers\\brainstorm\\484-1782541686\\content\\xianchengyue-ugly.html"}
{"type":"screen-updated","file":"d:\\TraePro\\fishoil\\tiaoom\\.superpowers\\brainstorm\\484-1782541686\\content\\xianchengyue-ugly.html"}
{"type":"screen-updated","file":"d:\\TraePro\\fishoil\\tiaoom\\.superpowers\\brainstorm\\484-1782541686\\content\\xianchengyue-ugly.html"}
{"type":"screen-updated","file":"d:\\TraePro\\fishoil\\tiaoom\\.superpowers\\brainstorm\\484-1782541686\\content\\xianchengyue-ugly.html"}
{"type":"screen-updated","file":"d:\\TraePro\\fishoil\\tiaoom\\.superpowers\\brainstorm\\484-1782541686\\content\\xianchengyue-ugly.html"}
{"type":"screen-updated","file":"d:\\TraePro\\fishoil\\tiaoom\\.superpowers\\brainstorm\\484-1782541686\\content\\xianchengyue-ugly.html"}
{"type":"screen-updated","file":"d:\\TraePro\\fishoil\\tiaoom\\.superpowers\\brainstorm\\484-1782541686\\content\\xianchengyue-ugly.html"}
{"type":"screen-updated","file":"d:\\TraePro\\fishoil\\tiaoom\\.superpowers\\brainstorm\\484-1782541686\\content\\xianchengyue-ugly.html"}
{"type":"screen-updated","file":"d:\\TraePro\\fishoil\\tiaoom\\.superpowers\\brainstorm\\484-1782541686\\content\\xianchengyue-ugly.html"}
{"type":"screen-updated","file":"d:\\TraePro\\fishoil\\tiaoom\\.superpowers\\brainstorm\\484-1782541686\\content\\xianchengyue-ugly.html"}
{"type":"screen-updated","file":"d:\\TraePro\\fishoil\\tiaoom\\.superpowers\\brainstorm\\484-1782541686\\content\\xianchengyue-ugly.html"}
{"type":"screen-updated","file":"d:\\TraePro\\fishoil\\tiaoom\\.superpowers\\brainstorm\\484-1782541686\\content\\xianchengyue-ugly.html"}
{"type":"screen-updated","file":"d:\\TraePro\\fishoil\\tiaoom\\.superpowers\\brainstorm\\484-1782541686\\content\\xianchengyue-ugly.html"}
{"type":"screen-updated","file":"d:\\TraePro\\fishoil\\tiaoom\\.superpowers\\brainstorm\\484-1782541686\\content\\xianchengyue-ugly.html"}
{"type":"screen-updated","file":"d:\\TraePro\\fishoil\\tiaoom\\.superpowers\\brainstorm\\484-1782541686\\content\\xianchengyue-ugly.html"}
{"type":"screen-updated","file":"d:\\TraePro\\fishoil\\tiaoom\\.superpowers\\brainstorm\\484-1782541686\\content\\xianchengyue-ugly.html"}
{"type":"screen-updated","file":"d:\\TraePro\\fishoil\\tiaoom\\.superpowers\\brainstorm\\484-1782541686\\content\\xianchengyue-ugly.html"}
{"type":"screen-updated","file":"d:\\TraePro\\fishoil\\tiaoom\\.superpowers\\brainstorm\\484-1782541686\\content\\xianchengyue-ugly.html"}
{"type":"screen-updated","file":"d:\\TraePro\\fishoil\\tiaoom\\.superpowers\\brainstorm\\484-1782541686\\content\\xianchengyue-ugly.html"}
{"type":"screen-updated","file":"d:\\TraePro\\fishoil\\tiaoom\\.superpowers\\brainstorm\\484-1782541686\\content\\xianchengyue-ugly.html"}
{"type":"screen-updated","file":"d:\\TraePro\\fishoil\\tiaoom\\.superpowers\\brainstorm\\484-1782541686\\content\\xianchengyue-ugly.html"}
{"type":"screen-updated","file":"d:\\TraePro\\fishoil\\tiaoom\\.superpowers\\brainstorm\\484-1782541686\\content\\xianchengyue-ugly.html"}
{"type":"screen-updated","file":"d:\\TraePro\\fishoil\\tiaoom\\.superpowers\\brainstorm\\484-1782541686\\content\\xianchengyue-ugly.html"}
{"type":"screen-updated","file":"d:\\TraePro\\fishoil\\tiaoom\\.superpowers\\brainstorm\\484-1782541686\\content\\xianchengyue-ugly.html"}
{"type":"screen-updated","file":"d:\\TraePro\\fishoil\\tiaoom\\.superpowers\\brainstorm\\484-1782541686\\content\\xianchengyue-ugly.html"}
{"type":"screen-updated","file":"d:\\TraePro\\fishoil\\tiaoom\\.superpowers\\brainstorm\\484-1782541686\\content\\xianchengyue-ugly.html"}
{"type":"screen-updated","file":"d:\\TraePro\\fishoil\\tiaoom\\.superpowers\\brainstorm\\484-1782541686\\content\\xianchengyue-ugly.html"}
{"type":"screen-updated","file":"d:\\TraePro\\fishoil\\tiaoom\\.superpowers\\brainstorm\\484-1782541686\\content\\xianchengyue-ugly.html"}
{"type":"screen-updated","file":"d:\\TraePro\\fishoil\\tiaoom\\.superpowers\\brainstorm\\484-1782541686\\content\\xianchengyue-ugly.html"}
{"type":"screen-updated","file":"d:\\TraePro\\fishoil\\tiaoom\\.superpowers\\brainstorm\\484-1782541686\\content\\xianchengyue-ugly.html"}
{"type":"screen-updated","file":"d:\\TraePro\\fishoil\\tiaoom\\.superpowers\\brainstorm\\484-1782541686\\content\\xianchengyue-ugly.html"}
{"type":"screen-updated","file":"d:\\TraePro\\fishoil\\tiaoom\\.superpowers\\brainstorm\\484-1782541686\\content\\xianchengyue-ugly.html"}
{"type":"screen-updated","file":"d:\\TraePro\\fishoil\\tiaoom\\.superpowers\\brainstorm\\484-1782541686\\content\\xianchengyue-ugly.html"}
{"type":"screen-updated","file":"d:\\TraePro\\fishoil\\tiaoom\\.superpowers\\brainstorm\\484-1782541686\\content\\xianchengyue-ugly.html"}
{"type":"screen-updated","file":"d:\\TraePro\\fishoil\\tiaoom\\.superpowers\\brainstorm\\484-1782541686\\content\\xianchengyue-ugly.html"}
{"type":"screen-updated","file":"d:\\TraePro\\fishoil\\tiaoom\\.superpowers\\brainstorm\\484-1782541686\\content\\xianchengyue-ugly.html"}
{"type":"screen-updated","file":"d:\\TraePro\\fishoil\\tiaoom\\.superpowers\\brainstorm\\484-1782541686\\content\\xianchengyue-ugly.html"}
{"type":"screen-updated","file":"d:\\TraePro\\fishoil\\tiaoom\\.superpowers\\brainstorm\\484-1782541686\\content\\xianchengyue-ugly.html"}
{"type":"screen-updated","file":"d:\\TraePro\\fishoil\\tiaoom\\.superpowers\\brainstorm\\484-1782541686\\content\\xianchengyue-ugly.html"}
{"type":"screen-updated","file":"d:\\TraePro\\fishoil\\tiaoom\\.superpowers\\brainstorm\\484-1782541686\\content\\xianchengyue-ugly.html"}
{"type":"screen-updated","file":"d:\\TraePro\\fishoil\\tiaoom\\.superpowers\\brainstorm\\484-1782541686\\content\\xianchengyue-ugly.html"}
{"type":"screen-added","file":"d:\\TraePro\\fishoil\\tiaoom\\.superpowers\\brainstorm\\484-1782541686\\content\\xianchengyue-design-v1.html"}
{"type":"screen-updated","file":"d:\\TraePro\\fishoil\\tiaoom\\.superpowers\\brainstorm\\484-1782541686\\content\\xianchengyue-design-v1.html"}
{"type":"screen-updated","file":"d:\\TraePro\\fishoil\\tiaoom\\.superpowers\\brainstorm\\484-1782541686\\content\\xianchengyue-design-v1.html"}
{"type":"screen-updated","file":"d:\\TraePro\\fishoil\\tiaoom\\.superpowers\\brainstorm\\484-1782541686\\content\\xianchengyue-design-v1.html"}
{"type":"screen-updated","file":"d:\\TraePro\\fishoil\\tiaoom\\.superpowers\\brainstorm\\484-1782541686\\content\\xianchengyue-design-v1.html"}
{"type":"screen-updated","file":"d:\\TraePro\\fishoil\\tiaoom\\.superpowers\\brainstorm\\484-1782541686\\content\\xianchengyue-design-v1.html"}
{"type":"screen-updated","file":"d:\\TraePro\\fishoil\\tiaoom\\.superpowers\\brainstorm\\484-1782541686\\content\\xianchengyue-design-v1.html"}
{"type":"screen-updated","file":"d:\\TraePro\\fishoil\\tiaoom\\.superpowers\\brainstorm\\484-1782541686\\content\\xianchengyue-design-v1.html"}
{"type":"screen-updated","file":"d:\\TraePro\\fishoil\\tiaoom\\.superpowers\\brainstorm\\484-1782541686\\content\\xianchengyue-design-v1.html"}
{"type":"screen-updated","file":"d:\\TraePro\\fishoil\\tiaoom\\.superpowers\\brainstorm\\484-1782541686\\content\\xianchengyue-design-v1.html"}
{"type":"screen-updated","file":"d:\\TraePro\\fishoil\\tiaoom\\.superpowers\\brainstorm\\484-1782541686\\content\\xianchengyue-design-v1.html"}
{"type":"screen-updated","file":"d:\\TraePro\\fishoil\\tiaoom\\.superpowers\\brainstorm\\484-1782541686\\content\\xianchengyue-design-v1.html"}
{"type":"screen-updated","file":"d:\\TraePro\\fishoil\\tiaoom\\.superpowers\\brainstorm\\484-1782541686\\content\\xianchengyue-design-v1.html"}
{"type":"screen-updated","file":"d:\\TraePro\\fishoil\\tiaoom\\.superpowers\\brainstorm\\484-1782541686\\content\\xianchengyue-design-v1.html"}
{"type":"screen-updated","file":"d:\\TraePro\\fishoil\\tiaoom\\.superpowers\\brainstorm\\484-1782541686\\content\\xianchengyue-design-v1.html"}
{"type":"screen-updated","file":"d:\\TraePro\\fishoil\\tiaoom\\.superpowers\\brainstorm\\484-1782541686\\content\\xianchengyue-design-v1.html"}
{"type":"screen-updated","file":"d:\\TraePro\\fishoil\\tiaoom\\.superpowers\\brainstorm\\484-1782541686\\content\\xianchengyue-design-v1.html"}
{"type":"screen-updated","file":"d:\\TraePro\\fishoil\\tiaoom\\.superpowers\\brainstorm\\484-1782541686\\content\\xianchengyue-design-v1.html"}
{"type":"screen-updated","file":"d:\\TraePro\\fishoil\\tiaoom\\.superpowers\\brainstorm\\484-1782541686\\content\\xianchengyue-design-v1.html"}
{"type":"screen-updated","file":"d:\\TraePro\\fishoil\\tiaoom\\.superpowers\\brainstorm\\484-1782541686\\content\\xianchengyue-design-v1.html"}
{"type":"screen-updated","file":"d:\\TraePro\\fishoil\\tiaoom\\.superpowers\\brainstorm\\484-1782541686\\content\\xianchengyue-design-v1.html"}
{"type":"screen-updated","file":"d:\\TraePro\\fishoil\\tiaoom\\.superpowers\\brainstorm\\484-1782541686\\content\\xianchengyue-design-v1.html"}
{"type":"screen-updated","file":"d:\\TraePro\\fishoil\\tiaoom\\.superpowers\\brainstorm\\484-1782541686\\content\\xianchengyue-design-v1.html"}
{"type":"screen-updated","file":"d:\\TraePro\\fishoil\\tiaoom\\.superpowers\\brainstorm\\484-1782541686\\content\\xianchengyue-design-v1.html"}
{"type":"screen-updated","file":"d:\\TraePro\\fishoil\\tiaoom\\.superpowers\\brainstorm\\484-1782541686\\content\\xianchengyue-design-v1.html"}
{"type":"screen-updated","file":"d:\\TraePro\\fishoil\\tiaoom\\.superpowers\\brainstorm\\484-1782541686\\content\\xianchengyue-design-v1.html"}
{"type":"screen-updated","file":"d:\\TraePro\\fishoil\\tiaoom\\.superpowers\\brainstorm\\484-1782541686\\content\\xianchengyue-design-v1.html"}
{"type":"screen-updated","file":"d:\\TraePro\\fishoil\\tiaoom\\.superpowers\\brainstorm\\484-1782541686\\content\\xianchengyue-design-v1.html"}
{"type":"screen-updated","file":"d:\\TraePro\\fishoil\\tiaoom\\.superpowers\\brainstorm\\484-1782541686\\content\\xianchengyue-design-v1.html"}
{"type":"screen-updated","file":"d:\\TraePro\\fishoil\\tiaoom\\.superpowers\\brainstorm\\484-1782541686\\content\\xianchengyue-design-v1.html"}
{"type":"screen-updated","file":"d:\\TraePro\\fishoil\\tiaoom\\.superpowers\\brainstorm\\484-1782541686\\content\\xianchengyue-design-v1.html"}
{"type":"screen-updated","file":"d:\\TraePro\\fishoil\\tiaoom\\.superpowers\\brainstorm\\484-1782541686\\content\\xianchengyue-design-v1.html"}
{"type":"screen-updated","file":"d:\\TraePro\\fishoil\\tiaoom\\.superpowers\\brainstorm\\484-1782541686\\content\\xianchengyue-design-v1.html"}
{"type":"screen-updated","file":"d:\\TraePro\\fishoil\\tiaoom\\.superpowers\\brainstorm\\484-1782541686\\content\\xianchengyue-design-v1.html"}
{"type":"screen-updated","file":"d:\\TraePro\\fishoil\\tiaoom\\.superpowers\\brainstorm\\484-1782541686\\content\\xianchengyue-design-v1.html"}
{"type":"screen-updated","file":"d:\\TraePro\\fishoil\\tiaoom\\.superpowers\\brainstorm\\484-1782541686\\content\\xianchengyue-design-v1.html"}
{"type":"screen-updated","file":"d:\\TraePro\\fishoil\\tiaoom\\.superpowers\\brainstorm\\484-1782541686\\content\\xianchengyue-design-v1.html"}
{"type":"screen-updated","file":"d:\\TraePro\\fishoil\\tiaoom\\.superpowers\\brainstorm\\484-1782541686\\content\\xianchengyue-design-v1.html"}
{"type":"screen-updated","file":"d:\\TraePro\\fishoil\\tiaoom\\.superpowers\\brainstorm\\484-1782541686\\content\\xianchengyue-design-v1.html"}
{"type":"screen-updated","file":"d:\\TraePro\\fishoil\\tiaoom\\.superpowers\\brainstorm\\484-1782541686\\content\\xianchengyue-design-v1.html"}
{"type":"screen-updated","file":"d:\\TraePro\\fishoil\\tiaoom\\.superpowers\\brainstorm\\484-1782541686\\content\\xianchengyue-design-v1.html"}
{"type":"screen-updated","file":"d:\\TraePro\\fishoil\\tiaoom\\.superpowers\\brainstorm\\484-1782541686\\content\\xianchengyue-design-v1.html"}
{"type":"screen-updated","file":"d:\\TraePro\\fishoil\\tiaoom\\.superpowers\\brainstorm\\484-1782541686\\content\\xianchengyue-design-v1.html"}
{"type":"screen-updated","file":"d:\\TraePro\\fishoil\\tiaoom\\.superpowers\\brainstorm\\484-1782541686\\content\\xianchengyue-design-v1.html"}
{"type":"screen-updated","file":"d:\\TraePro\\fishoil\\tiaoom\\.superpowers\\brainstorm\\484-1782541686\\content\\xianchengyue-design-v1.html"}
{"type":"screen-updated","file":"d:\\TraePro\\fishoil\\tiaoom\\.superpowers\\brainstorm\\484-1782541686\\content\\xianchengyue-design-v1.html"}
{"type":"screen-updated","file":"d:\\TraePro\\fishoil\\tiaoom\\.superpowers\\brainstorm\\484-1782541686\\content\\xianchengyue-design-v1.html"}
{"type":"screen-updated","file":"d:\\TraePro\\fishoil\\tiaoom\\.superpowers\\brainstorm\\484-1782541686\\content\\xianchengyue-design-v1.html"}
{"type":"screen-updated","file":"d:\\TraePro\\fishoil\\tiaoom\\.superpowers\\brainstorm\\484-1782541686\\content\\xianchengyue-design-v1.html"}
{"type":"screen-updated","file":"d:\\TraePro\\fishoil\\tiaoom\\.superpowers\\brainstorm\\484-1782541686\\content\\xianchengyue-design-v1.html"}
{"type":"screen-updated","file":"d:\\TraePro\\fishoil\\tiaoom\\.superpowers\\brainstorm\\484-1782541686\\content\\xianchengyue-design-v1.html"}
{"type":"screen-updated","file":"d:\\TraePro\\fishoil\\tiaoom\\.superpowers\\brainstorm\\484-1782541686\\content\\xianchengyue-design-v1.html"}
{"type":"screen-updated","file":"d:\\TraePro\\fishoil\\tiaoom\\.superpowers\\brainstorm\\484-1782541686\\content\\xianchengyue-design-v1.html"}
{"type":"screen-updated","file":"d:\\TraePro\\fishoil\\tiaoom\\.superpowers\\brainstorm\\484-1782541686\\content\\xianchengyue-design-v1.html"}
{"type":"screen-updated","file":"d:\\TraePro\\fishoil\\tiaoom\\.superpowers\\brainstorm\\484-1782541686\\content\\xianchengyue-design-v1.html"}
{"type":"screen-updated","file":"d:\\TraePro\\fishoil\\tiaoom\\.superpowers\\brainstorm\\484-1782541686\\content\\xianchengyue-design-v1.html"}
{"type":"screen-updated","file":"d:\\TraePro\\fishoil\\tiaoom\\.superpowers\\brainstorm\\484-1782541686\\content\\xianchengyue-design-v1.html"}
{"type":"screen-updated","file":"d:\\TraePro\\fishoil\\tiaoom\\.superpowers\\brainstorm\\484-1782541686\\content\\xianchengyue-design-v1.html"}
{"type":"screen-updated","file":"d:\\TraePro\\fishoil\\tiaoom\\.superpowers\\brainstorm\\484-1782541686\\content\\xianchengyue-design-v1.html"}
{"type":"screen-updated","file":"d:\\TraePro\\fishoil\\tiaoom\\.superpowers\\brainstorm\\484-1782541686\\content\\xianchengyue-design-v1.html"}
{"type":"screen-updated","file":"d:\\TraePro\\fishoil\\tiaoom\\.superpowers\\brainstorm\\484-1782541686\\content\\xianchengyue-design-v1.html"}
{"type":"screen-updated","file":"d:\\TraePro\\fishoil\\tiaoom\\.superpowers\\brainstorm\\484-1782541686\\content\\xianchengyue-design-v1.html"}
{"type":"screen-updated","file":"d:\\TraePro\\fishoil\\tiaoom\\.superpowers\\brainstorm\\484-1782541686\\content\\xianchengyue-design-v1.html"}
{"type":"screen-updated","file":"d:\\TraePro\\fishoil\\tiaoom\\.superpowers\\brainstorm\\484-1782541686\\content\\xianchengyue-design-v1.html"}
{"type":"screen-updated","file":"d:\\TraePro\\fishoil\\tiaoom\\.superpowers\\brainstorm\\484-1782541686\\content\\xianchengyue-design-v1.html"}
{"type":"screen-updated","file":"d:\\TraePro\\fishoil\\tiaoom\\.superpowers\\brainstorm\\484-1782541686\\content\\xianchengyue-design-v1.html"}
{"type":"screen-updated","file":"d:\\TraePro\\fishoil\\tiaoom\\.superpowers\\brainstorm\\484-1782541686\\content\\xianchengyue-design-v1.html"}
{"type":"screen-updated","file":"d:\\TraePro\\fishoil\\tiaoom\\.superpowers\\brainstorm\\484-1782541686\\content\\xianchengyue-design-v1.html"}
{"type":"screen-updated","file":"d:\\TraePro\\fishoil\\tiaoom\\.superpowers\\brainstorm\\484-1782541686\\content\\xianchengyue-design-v1.html"}
{"type":"screen-updated","file":"d:\\TraePro\\fishoil\\tiaoom\\.superpowers\\brainstorm\\484-1782541686\\content\\xianchengyue-design-v1.html"}
{"type":"screen-updated","file":"d:\\TraePro\\fishoil\\tiaoom\\.superpowers\\brainstorm\\484-1782541686\\content\\xianchengyue-design-v1.html"}
{"type":"screen-updated","file":"d:\\TraePro\\fishoil\\tiaoom\\.superpowers\\brainstorm\\484-1782541686\\content\\xianchengyue-design-v1.html"}
{"type":"screen-updated","file":"d:\\TraePro\\fishoil\\tiaoom\\.superpowers\\brainstorm\\484-1782541686\\content\\xianchengyue-design-v1.html"}
{"type":"screen-updated","file":"d:\\TraePro\\fishoil\\tiaoom\\.superpowers\\brainstorm\\484-1782541686\\content\\xianchengyue-design-v1.html"}
{"type":"screen-updated","file":"d:\\TraePro\\fishoil\\tiaoom\\.superpowers\\brainstorm\\484-1782541686\\content\\xianchengyue-design-v1.html"}
{"type":"screen-updated","file":"d:\\TraePro\\fishoil\\tiaoom\\.superpowers\\brainstorm\\484-1782541686\\content\\xianchengyue-design-v1.html"}
{"type":"screen-updated","file":"d:\\TraePro\\fishoil\\tiaoom\\.superpowers\\brainstorm\\484-1782541686\\content\\xianchengyue-design-v1.html"}
{"type":"screen-updated","file":"d:\\TraePro\\fishoil\\tiaoom\\.superpowers\\brainstorm\\484-1782541686\\content\\xianchengyue-design-v1.html"}
{"type":"screen-updated","file":"d:\\TraePro\\fishoil\\tiaoom\\.superpowers\\brainstorm\\484-1782541686\\content\\xianchengyue-design-v1.html"}
{"type":"screen-updated","file":"d:\\TraePro\\fishoil\\tiaoom\\.superpowers\\brainstorm\\484-1782541686\\content\\xianchengyue-design-v1.html"}
{"type":"screen-updated","file":"d:\\TraePro\\fishoil\\tiaoom\\.superpowers\\brainstorm\\484-1782541686\\content\\xianchengyue-design-v1.html"}
{"type":"screen-updated","file":"d:\\TraePro\\fishoil\\tiaoom\\.superpowers\\brainstorm\\484-1782541686\\content\\xianchengyue-design-v1.html"}
{"type":"screen-updated","file":"d:\\TraePro\\fishoil\\tiaoom\\.superpowers\\brainstorm\\484-1782541686\\content\\xianchengyue-design-v1.html"}
{"type":"screen-updated","file":"d:\\TraePro\\fishoil\\tiaoom\\.superpowers\\brainstorm\\484-1782541686\\content\\xianchengyue-design-v1.html"}
{"type":"screen-updated","file":"d:\\TraePro\\fishoil\\tiaoom\\.superpowers\\brainstorm\\484-1782541686\\content\\xianchengyue-design-v1.html"}
{"type":"screen-updated","file":"d:\\TraePro\\fishoil\\tiaoom\\.superpowers\\brainstorm\\484-1782541686\\content\\xianchengyue-design-v1.html"}
{"type":"screen-updated","file":"d:\\TraePro\\fishoil\\tiaoom\\.superpowers\\brainstorm\\484-1782541686\\content\\xianchengyue-design-v1.html"}
{"type":"screen-updated","file":"d:\\TraePro\\fishoil\\tiaoom\\.superpowers\\brainstorm\\484-1782541686\\content\\xianchengyue-design-v1.html"}
{"type":"screen-updated","file":"d:\\TraePro\\fishoil\\tiaoom\\.superpowers\\brainstorm\\484-1782541686\\content\\xianchengyue-design-v1.html"}
{"type":"screen-updated","file":"d:\\TraePro\\fishoil\\tiaoom\\.superpowers\\brainstorm\\484-1782541686\\content\\xianchengyue-design-v1.html"}
{"type":"screen-updated","file":"d:\\TraePro\\fishoil\\tiaoom\\.superpowers\\brainstorm\\484-1782541686\\content\\xianchengyue-design-v1.html"}
{"type":"screen-updated","file":"d:\\TraePro\\fishoil\\tiaoom\\.superpowers\\brainstorm\\484-1782541686\\content\\xianchengyue-design-v1.html"}
{"type":"screen-updated","file":"d:\\TraePro\\fishoil\\tiaoom\\.superpowers\\brainstorm\\484-1782541686\\content\\xianchengyue-design-v1.html"}
{"type":"screen-updated","file":"d:\\TraePro\\fishoil\\tiaoom\\.superpowers\\brainstorm\\484-1782541686\\content\\xianchengyue-design-v1.html"}
{"type":"screen-updated","file":"d:\\TraePro\\fishoil\\tiaoom\\.superpowers\\brainstorm\\484-1782541686\\content\\xianchengyue-design-v1.html"}
{"type":"screen-updated","file":"d:\\TraePro\\fishoil\\tiaoom\\.superpowers\\brainstorm\\484-1782541686\\content\\xianchengyue-design-v1.html"}
{"type":"screen-updated","file":"d:\\TraePro\\fishoil\\tiaoom\\.superpowers\\brainstorm\\484-1782541686\\content\\xianchengyue-design-v1.html"}
{"type":"screen-updated","file":"d:\\TraePro\\fishoil\\tiaoom\\.superpowers\\brainstorm\\484-1782541686\\content\\xianchengyue-design-v1.html"}
{"type":"screen-updated","file":"d:\\TraePro\\fishoil\\tiaoom\\.superpowers\\brainstorm\\484-1782541686\\content\\xianchengyue-design-v1.html"}
{"type":"screen-updated","file":"d:\\TraePro\\fishoil\\tiaoom\\.superpowers\\brainstorm\\484-1782541686\\content\\xianchengyue-design-v1.html"}
{"type":"screen-updated","file":"d:\\TraePro\\fishoil\\tiaoom\\.superpowers\\brainstorm\\484-1782541686\\content\\xianchengyue-design-v1.html"}
{"type":"screen-updated","file":"d:\\TraePro\\fishoil\\tiaoom\\.superpowers\\brainstorm\\484-1782541686\\content\\xianchengyue-design-v1.html"}
{"type":"screen-updated","file":"d:\\TraePro\\fishoil\\tiaoom\\.superpowers\\brainstorm\\484-1782541686\\content\\xianchengyue-design-v1.html"}
{"type":"screen-updated","file":"d:\\TraePro\\fishoil\\tiaoom\\.superpowers\\brainstorm\\484-1782541686\\content\\xianchengyue-design-v1.html"}
{"type":"screen-updated","file":"d:\\TraePro\\fishoil\\tiaoom\\.superpowers\\brainstorm\\484-1782541686\\content\\xianchengyue-design-v1.html"}
{"type":"screen-updated","file":"d:\\TraePro\\fishoil\\tiaoom\\.superpowers\\brainstorm\\484-1782541686\\content\\xianchengyue-design-v1.html"}
{"type":"screen-updated","file":"d:\\TraePro\\fishoil\\tiaoom\\.superpowers\\brainstorm\\484-1782541686\\content\\xianchengyue-design-v1.html"}
{"type":"screen-updated","file":"d:\\TraePro\\fishoil\\tiaoom\\.superpowers\\brainstorm\\484-1782541686\\content\\xianchengyue-design-v1.html"}
{"type":"screen-updated","file":"d:\\TraePro\\fishoil\\tiaoom\\.superpowers\\brainstorm\\484-1782541686\\content\\xianchengyue-design-v1.html"}
{"type":"screen-updated","file":"d:\\TraePro\\fishoil\\tiaoom\\.superpowers\\brainstorm\\484-1782541686\\content\\xianchengyue-design-v1.html"}
{"type":"screen-updated","file":"d:\\TraePro\\fishoil\\tiaoom\\.superpowers\\brainstorm\\484-1782541686\\content\\xianchengyue-design-v1.html"}
{"type":"screen-updated","file":"d:\\TraePro\\fishoil\\tiaoom\\.superpowers\\brainstorm\\484-1782541686\\content\\xianchengyue-design-v1.html"}
{"type":"screen-updated","file":"d:\\TraePro\\fishoil\\tiaoom\\.superpowers\\brainstorm\\484-1782541686\\content\\xianchengyue-design-v1.html"}
{"type":"screen-updated","file":"d:\\TraePro\\fishoil\\tiaoom\\.superpowers\\brainstorm\\484-1782541686\\content\\xianchengyue-design-v1.html"}
{"type":"screen-updated","file":"d:\\TraePro\\fishoil\\tiaoom\\.superpowers\\brainstorm\\484-1782541686\\content\\xianchengyue-design-v1.html"}
{"type":"screen-updated","file":"d:\\TraePro\\fishoil\\tiaoom\\.superpowers\\brainstorm\\484-1782541686\\content\\xianchengyue-design-v1.html"}
{"type":"screen-updated","file":"d:\\TraePro\\fishoil\\tiaoom\\.superpowers\\brainstorm\\484-1782541686\\content\\xianchengyue-design-v1.html"}
{"type":"screen-updated","file":"d:\\TraePro\\fishoil\\tiaoom\\.superpowers\\brainstorm\\484-1782541686\\content\\xianchengyue-design-v1.html"}
{"type":"screen-updated","file":"d:\\TraePro\\fishoil\\tiaoom\\.superpowers\\brainstorm\\484-1782541686\\content\\xianchengyue-design-v1.html"}
{"type":"screen-updated","file":"d:\\TraePro\\fishoil\\tiaoom\\.superpowers\\brainstorm\\484-1782541686\\content\\xianchengyue-design-v1.html"}
{"type":"screen-updated","file":"d:\\TraePro\\fishoil\\tiaoom\\.superpowers\\brainstorm\\484-1782541686\\content\\xianchengyue-design-v1.html"}
{"type":"screen-updated","file":"d:\\TraePro\\fishoil\\tiaoom\\.superpowers\\brainstorm\\484-1782541686\\content\\xianchengyue-design-v1.html"}
{"type":"screen-updated","file":"d:\\TraePro\\fishoil\\tiaoom\\.superpowers\\brainstorm\\484-1782541686\\content\\xianchengyue-design-v1.html"}
{"type":"screen-updated","file":"d:\\TraePro\\fishoil\\tiaoom\\.superpowers\\brainstorm\\484-1782541686\\content\\xianchengyue-design-v1.html"}
{"type":"screen-updated","file":"d:\\TraePro\\fishoil\\tiaoom\\.superpowers\\brainstorm\\484-1782541686\\content\\xianchengyue-design-v1.html"}
{"type":"screen-updated","file":"d:\\TraePro\\fishoil\\tiaoom\\.superpowers\\brainstorm\\484-1782541686\\content\\xianchengyue-design-v1.html"}
{"type":"screen-updated","file":"d:\\TraePro\\fishoil\\tiaoom\\.superpowers\\brainstorm\\484-1782541686\\content\\xianchengyue-design-v1.html"}
{"type":"screen-updated","file":"d:\\TraePro\\fishoil\\tiaoom\\.superpowers\\brainstorm\\484-1782541686\\content\\xianchengyue-design-v1.html"}
{"type":"screen-updated","file":"d:\\TraePro\\fishoil\\tiaoom\\.superpowers\\brainstorm\\484-1782541686\\content\\xianchengyue-design-v1.html"}
{"type":"screen-updated","file":"d:\\TraePro\\fishoil\\tiaoom\\.superpowers\\brainstorm\\484-1782541686\\content\\xianchengyue-design-v1.html"}
{"type":"screen-updated","file":"d:\\TraePro\\fishoil\\tiaoom\\.superpowers\\brainstorm\\484-1782541686\\content\\xianchengyue-design-v1.html"}
{"type":"screen-updated","file":"d:\\TraePro\\fishoil\\tiaoom\\.superpowers\\brainstorm\\484-1782541686\\content\\xianchengyue-design-v1.html"}
{"type":"screen-updated","file":"d:\\TraePro\\fishoil\\tiaoom\\.superpowers\\brainstorm\\484-1782541686\\content\\xianchengyue-design-v1.html"}
{"type":"screen-updated","file":"d:\\TraePro\\fishoil\\tiaoom\\.superpowers\\brainstorm\\484-1782541686\\content\\xianchengyue-design-v1.html"}
{"type":"screen-updated","file":"d:\\TraePro\\fishoil\\tiaoom\\.superpowers\\brainstorm\\484-1782541686\\content\\xianchengyue-design-v1.html"}
{"type":"screen-updated","file":"d:\\TraePro\\fishoil\\tiaoom\\.superpowers\\brainstorm\\484-1782541686\\content\\xianchengyue-design-v1.html"}
{"type":"screen-updated","file":"d:\\TraePro\\fishoil\\tiaoom\\.superpowers\\brainstorm\\484-1782541686\\content\\xianchengyue-design-v1.html"}
{"type":"screen-updated","file":"d:\\TraePro\\fishoil\\tiaoom\\.superpowers\\brainstorm\\484-1782541686\\content\\xianchengyue-design-v1.html"}
{"type":"screen-updated","file":"d:\\TraePro\\fishoil\\tiaoom\\.superpowers\\brainstorm\\484-1782541686\\content\\xianchengyue-design-v1.html"}
{"type":"screen-updated","file":"d:\\TraePro\\fishoil\\tiaoom\\.superpowers\\brainstorm\\484-1782541686\\content\\xianchengyue-design-v1.html"}
{"type":"screen-updated","file":"d:\\TraePro\\fishoil\\tiaoom\\.superpowers\\brainstorm\\484-1782541686\\content\\xianchengyue-design-v1.html"}
{"type":"screen-updated","file":"d:\\TraePro\\fishoil\\tiaoom\\.superpowers\\brainstorm\\484-1782541686\\content\\xianchengyue-design-v1.html"}
{"type":"screen-updated","file":"d:\\TraePro\\fishoil\\tiaoom\\.superpowers\\brainstorm\\484-1782541686\\content\\xianchengyue-design-v1.html"}
{"type":"screen-updated","file":"d:\\TraePro\\fishoil\\tiaoom\\.superpowers\\brainstorm\\484-1782541686\\content\\xianchengyue-design-v1.html"}
{"type":"screen-updated","file":"d:\\TraePro\\fishoil\\tiaoom\\.superpowers\\brainstorm\\484-1782541686\\content\\xianchengyue-design-v1.html"}
{"type":"screen-updated","file":"d:\\TraePro\\fishoil\\tiaoom\\.superpowers\\brainstorm\\484-1782541686\\content\\xianchengyue-design-v1.html"}
{"type":"screen-updated","file":"d:\\TraePro\\fishoil\\tiaoom\\.superpowers\\brainstorm\\484-1782541686\\content\\xianchengyue-design-v1.html"}
{"type":"screen-updated","file":"d:\\TraePro\\fishoil\\tiaoom\\.superpowers\\brainstorm\\484-1782541686\\content\\xianchengyue-design-v1.html"}
{"type":"screen-updated","file":"d:\\TraePro\\fishoil\\tiaoom\\.superpowers\\brainstorm\\484-1782541686\\content\\xianchengyue-design-v1.html"}
{"type":"screen-updated","file":"d:\\TraePro\\fishoil\\tiaoom\\.superpowers\\brainstorm\\484-1782541686\\content\\xianchengyue-design-v1.html"}
{"type":"screen-updated","file":"d:\\TraePro\\fishoil\\tiaoom\\.superpowers\\brainstorm\\484-1782541686\\content\\xianchengyue-design-v1.html"}
{"type":"screen-updated","file":"d:\\TraePro\\fishoil\\tiaoom\\.superpowers\\brainstorm\\484-1782541686\\content\\xianchengyue-design-v1.html"}
{"type":"screen-updated","file":"d:\\TraePro\\fishoil\\tiaoom\\.superpowers\\brainstorm\\484-1782541686\\content\\xianchengyue-design-v1.html"}
{"type":"screen-updated","file":"d:\\TraePro\\fishoil\\tiaoom\\.superpowers\\brainstorm\\484-1782541686\\content\\xianchengyue-design-v1.html"}
{"type":"screen-updated","file":"d:\\TraePro\\fishoil\\tiaoom\\.superpowers\\brainstorm\\484-1782541686\\content\\xianchengyue-design-v1.html"}
{"type":"screen-updated","file":"d:\\TraePro\\fishoil\\tiaoom\\.superpowers\\brainstorm\\484-1782541686\\content\\xianchengyue-design-v1.html"}
{"type":"screen-updated","file":"d:\\TraePro\\fishoil\\tiaoom\\.superpowers\\brainstorm\\484-1782541686\\content\\xianchengyue-design-v1.html"}
{"type":"screen-updated","file":"d:\\TraePro\\fishoil\\tiaoom\\.superpowers\\brainstorm\\484-1782541686\\content\\xianchengyue-design-v1.html"}
{"type":"screen-updated","file":"d:\\TraePro\\fishoil\\tiaoom\\.superpowers\\brainstorm\\484-1782541686\\content\\xianchengyue-design-v1.html"}
{"type":"screen-updated","file":"d:\\TraePro\\fishoil\\tiaoom\\.superpowers\\brainstorm\\484-1782541686\\content\\xianchengyue-design-v1.html"}
{"type":"screen-updated","file":"d:\\TraePro\\fishoil\\tiaoom\\.superpowers\\brainstorm\\484-1782541686\\content\\xianchengyue-design-v1.html"}
{"type":"server-stopped","reason":"idle timeout"}
